ID,Q_0.1_1,Q_0.1_2,Q_0.2_0,Q_0.3_1,Q_0.3_2,Q_0.3_3,Q_0.3_4,Q_0.4_0,Q_0.5_1,Q_0.5_2,Q_0.5_3,Q_0.5_4,Q_0.6_1,Q_1.0_0,Q_1.11_1,Q_1.11_2,Q_1.12_0,Q_1.13_0,Q_1.14_0,Q_1.15_0,Q_1.1_0,Q_1.6_0,Q_1.7_1,Q_1.7_2,Q_1.8_0,Q_1.9_0,Q_4.0_0,Q_4.11_0,Q_4.11a_1,Q_4.11a_2,Q_4.11a_3,Q_4.11b_1,Q_4.11b_2,Q_4.13_0,Q_4.1_1,Q_4.1_2,Q_4.2_1,Q_4.2_2,Q_4.2_3,Q_4.3_1,Q_4.3_2,Q_4.3a_0,Q_4.4_0
1093,2,1,0,1,1,12,1,1,14,17,14,25,6,1,,,,,,,1,,,,,,2,,,,,,,,0,0,1,0,0,1,0,,2
1184,8,1,0,1,1,12,1,1,15,17,15,30,7,1,5,4,1,1,2,1,1,5,1,1,,1,1,4,,,,4,1,1,0,0,3,1,1,1,1,1,1
1499,2,1,0,1,1,5,1,1,15,18,15,25,5,1,4,4,2,2,3,1,1,3,1,1,,1,1,4,,,,5,1,2,0,0,1,0,0,1,1,1,1
2028,3,0,0,1,1,9,1,0,13,19,13,20,5,1,,,,,,,1,,,,,,1,4,,,,6,1,2,0,0,1,0,0,5,1,,1
2185,2,1,0,1,1,5,1,1,14,17,14,39,5,1,,,,,,,1,,,,,,1,1,1,1,0,,,1,0,0,1,0,0,1,1,2,3
2430,2,1,0,1,1,0,1,1,11,15,11,20,4,1,,,,,,,1,,,,,,1,4,,,,4,0,2,0,0,3,1,0,1,0,,1
3203,2,1,0,1,1,5,1,1,15,18,15,40,7,1,4,4,1,1,3,1,1,4,1,1,,1,1,0,,,,,,2,0,0,1,0,0,1,0,1,3
3417,2,1,0,1,1,1,1,1,16,17,17,40,8,1,4,3,3,1,3,1,1,3,1,1,,1,1,4,,,,5,1,1,0,0,1,1,0,1,1,2,1
3422,2,1,0,1,1,5,1,1,16,17,17,50,8,1,5,5,3,3,3,1,1,2,1,1,,1,1,4,,,,5,0,2,0,0,1,1,0,1,0,2,2
3429,2,1,0,1,1,11,1,1,14,17,14,27,3,1,6,6,2,1,3,1,1,4,1,1,,1,1,1,1,0,1,,,2,0,0,1,0,0,1,1,1,2
8242,2,1,0,1,1,4,1,1,14,18,14,50,6,1,,,,,,,1,,,,,,1,2,,,,,,2,0,0,1,0,0,1,0,2,1
10495,2,1,0,1,1,11,1,1,14,18,14,50,13,2,,,,,,,2,,,,,,1,4,,,,4,1,2,0,0,3,0,0,7,1,,1
10894,2,1,0,1,1,12,1,1,16,17,16,35,8,2,5,4,1,1,3,1,1,4,1,1,,1,1,4,,,,2,1,1,0,0,1,0,0,1,0,2,1
11315,3,1,0,1,1,5,1,1,14,19,14,30,5,1,,,,,,,1,,,,,,1,1,1,1,1,,,2,0,0,1,0,0,6,1,,1
13067,2,1,0,1,1,1,1,1,13,18,0,0,7,1,5,5,1,1,2,1,1,4,1,1,,1,3,,,,,,,,,,,,,,,,
14088,2,1,0,1,1,0,1,1,14,17,14,40,7,1,5,5,0,0,1,1,1,4,1,1,,1,1,1,1,1,1,,,1,0,0,1,0,1,7,1,,2
14344,2,1,0,1,1,1,1,1,10,16,10,20,4,1,,,,,,,1,,,,,,1,4,,,,2,1,2,0,0,1,1,1,1,1,2,1
14874,2,1,0,1,1,12,1,1,14,17,14,30,8,1,4,6,2,3,1,3,1,4,1,1,,1,1,3,,,,1,1,1,0,0,3,0,1,1,1,1,3
16581,2,1,0,1,1,12,1,1,14,18,14,35,6,1,4,4,3,3,3,1,1,3,1,1,,1,1,1,1,1,1,,,2,0,0,1,0,0,4,1,,2
19233,2,1,0,1,1,10,1,1,12,11,0,0,7,3,,,,,,,1,,,,,,1,1,0,0,1,,,2,0,0,3,0,0,0,1,,1
20113,2,1,0,1,1,12,1,1,14,18,14,20,5,1,6,6,1,1,2,1,1,4,1,1,,1,1,1,1,1,1,,,1,0,0,1,1,0,1,1,1,1
31009,2,1,0,1,1,0,1,1,14,17,14,32,0,1,5,5,3,1,3,1,1,4,1,1,0,1,1,0,,,,,,1,0,0,0,0,0,0,0,,0
31051,1,1,,1,1,5,1,1,13,17,13,26,5,1,,,,,,,3,,,,,,1,4,,,,2,1,2,0,0,1,1,1,5,1,,1
31052,2,1,0,1,1,0,1,1,13,18,13,35,5,1,,,,,,,1,,,,,,1,1,1,1,1,,,2,0,0,1,0,0,5,1,,1
31055,2,1,0,1,1,0,1,1,14,17,0,0,6,1,,,,,,,1,,,,,,1,1,0,0,0,,,0,0,0,0,0,0,0,0,,0
31090,5,1,0,1,1,1,1,1,14,18,14,30,6,1,4,3,2,1,3,1,1,4,1,1,,1,1,5,,,,,,1,0,0,1,0,0,1,0,2,3
31108,2,1,0,1,1,12,1,1,15,18,16,60,8,1,3,3,1,3,3,1,1,4,1,1,,1,1,1,1,1,1,,,2,0,0,1,0,0,1,0,1,3
31109,1,1,0,1,1,10,1,1,13,18,13,28,4,1,6,4,2,1,3,1,1,4,1,1,,1,1,4,,,,4,1,1,0,0,1,0,0,1,1,2,3
31110,4,1,0,1,1,6,1,1,15,17,0,0,8,2,2,4,1,1,1,3,1,4,0,0,,0,1,2,,,,,,1,0,0,1,0,0,1,0,0,2
31111,2,1,0,1,1,7,1,1,17,19,17,20,8,1,6,6,1,2,2,1,1,3,0,0,,0,1,4,,,,0,0,1,0,0,1,0,0,1,0,1,4
31112,2,1,0,1,1,12,1,1,15,18,15,30,8,1,,,,,,,1,,,,,,1,1,1,1,1,,,2,0,0,1,1,1,3,1,,3
31113,2,1,0,1,1,8,1,1,18,19,16,30,7,1,5,5,1,1,3,1,1,3,1,1,,0,1,4,,,,4,1,2,0,0,1,1,0,1,0,1,6
31114,1,1,0,1,1,9,1,1,13,18,13,35,4,1,6,6,3,1,3,1,1,4,1,1,,1,1,3,,,,5,1,2,0,0,1,0,0,1,0,1,2
31115,2,1,0,1,1,8,1,1,16,17,16,21,8,1,4,3,1,1,3,3,1,4,1,1,1,1,1,0,,,,,,2,0,0,1,0,0,1,0,1,3
31117,2,1,0,1,1,10,1,1,15,17,16,41,7,1,5,5,4,4,3,1,1,4,0,0,,0,1,4,,,,1,1,1,0,0,1,1,0,1,0,2,2
31146,2,1,0,1,1,1,1,1,16,19,16,37,7,1,2,2,1,1,2,1,1,2,1,1,,1,2,,,,,,,,0,0,1,1,0,1,0,,3
31148,2,1,0,1,1,0,1,1,14,19,14,40,6,1,5,3,2,2,3,1,4,4,1,1,,1,1,1,0,0,0,,,2,0,0,1,0,0,1,1,0,3
31149,2,1,0,1,1,8,1,1,14,11,14,21,7,1,1,4,1,1,2,1,1,3,1,1,,1,1,4,,,,5,1,1,0,0,1,1,1,1,0,1,3
31150,1,1,,1,1,0,0,1,16,18,16,20,15,1,5,6,1,1,3,1,1,4,1,1,,1,1,0,,,,,,2,0,0,1,0,0,3,1,,2
31151,1,1,0,1,1,2,1,1,13,18,13,35,4,1,,,,,,,1,,,,,,1,1,1,1,0,,,2,0,0,0,0,0,0,0,,0
31153,8,1,0,1,1,10,1,1,16,18,16,30,10,1,5,4,3,2,1,1,1,3,1,1,,0,1,1,1,0,1,,,1,0,0,1,0,1,3,1,,1
31154,2,1,0,1,1,0,0,1,16,16,0,0,0,1,0,2,0,0,0,0,2,3,0,0,,0,1,5,,,,,,2,0,0,1,1,1,3,0,,2
31155,2,1,0,1,1,12,1,1,15,16,15,30,6,1,4,3,1,1,3,1,1,4,1,1,,1,1,4,,,,5,1,1,0,0,1,0,0,1,1,1,1
31156,2,1,0,1,1,0,1,1,15,10,15,30,13,1,4,2,1,1,2,1,1,3,1,1,0,1,1,2,,,,,,3,0,0,1,0,0,1,0,1,2
31157,6,1,,1,1,2,1,1,17,11,17,20,8,3,5,4,1,1,2,1,1,4,0,0,,0,1,0,,,,,,2,0,0,1,0,0,3,0,,4
31163,7,1,0,1,1,3,1,1,17,18,17,50,9,1,4,4,1,1,2,1,3,4,0,0,,0,1,3,,,,1,1,2,0,0,1,0,1,1,1,2,2
31165,2,1,0,1,1,0,1,1,12,18,13,35,12,1,5,5,3,1,3,1,1,3,1,1,,1,1,4,,,,6,1,2,0,0,1,0,0,1,1,1,2
31166,4,1,0,1,1,0,1,1,17,19,18,30,7,1,4,3,1,1,3,2,1,2,1,1,1,1,1,1,1,1,1,,,1,0,0,1,0,0,3,0,,1
31167,2,1,0,1,1,5,1,1,17,15,18,25,9,1,4,2,1,1,3,1,1,3,1,1,,1,1,2,,,,,,1,0,0,1,0,0,1,0,1,3
31168,1,1,0,1,1,8,1,0,18,14,18,20,0,3,0,0,1,1,2,1,2,2,0,0,,0,2,,,,,,,,0,0,3,0,0,1,0,,1
31169,2,1,0,1,1,6,1,1,16,18,16,40,8,1,5,5,2,3,3,1,1,4,1,1,,1,1,4,,,,5,1,2,0,0,1,1,1,1,1,1,1
31170,2,1,0,1,1,12,1,1,17,17,17,25,8,1,4,4,1,1,3,1,1,4,1,1,,1,1,3,,,,2,1,2,0,0,1,0,0,1,0,1,2
31171,2,1,0,1,1,6,1,1,9,18,9,31,7,4,6,3,1,3,2,1,1,4,1,1,,0,1,4,,,,1,0,2,0,0,1,0,0,1,0,1,4
31172,2,1,0,1,1,12,1,1,16,16,16,30,8,1,4,4,1,1,3,1,1,3,1,1,0,1,1,4,,,,2,1,2,0,0,1,1,1,2,1,,1
31173,2,1,0,1,1,6,1,1,15,18,15,30,6,1,4,4,3,1,3,1,1,3,1,1,,0,1,5,,,,,,1,0,0,1,0,0,1,0,1,3
31174,3,1,0,1,1,9,1,1,17,18,17,35,8,1,4,4,3,1,2,1,1,2,1,1,,1,1,3,,,,5,1,1,0,0,1,0,0,3,0,,7
31175,2,1,0,1,1,3,1,1,15,16,15,20,12,1,3,3,2,1,3,1,1,3,1,1,,1,1,1,1,1,1,,,2,0,0,1,0,0,1,1,1,7
31176,2,1,0,1,1,12,1,1,16,17,16,30,8,1,6,6,3,3,3,1,1,3,1,1,,1,1,3,,,,1,1,1,0,0,1,0,0,1,1,2,2
31177,2,1,0,1,1,12,1,1,13,15,13,20,6,1,,,,,,,1,,,,,,1,4,,,,5,1,2,0,0,1,1,1,4,0,,1
31179,2,1,0,1,1,0,1,1,14,19,14,30,10,1,4,4,2,1,3,1,1,4,1,1,,0,1,4,,,,5,1,1,0,0,1,1,1,1,0,2,3
31180,7,1,0,1,1,1,1,1,16,19,16,35,10,1,3,3,1,1,1,3,2,4,1,1,,1,1,2,,,,,,2,0,0,1,0,0,1,1,1,2
31181,2,1,0,1,1,1,1,1,15,15,15,45,6,1,4,6,1,3,3,1,1,4,1,1,,1,1,1,1,1,1,,,1,0,0,1,1,1,1,1,1,6
31182,2,1,0,1,1,1,1,1,14,17,14,50,5,1,3,3,2,1,3,1,1,4,1,1,,1,1,4,,,,5,1,1,0,0,1,0,1,1,1,1,3
31184,2,1,0,1,1,12,1,1,17,17,17,30,8,1,2,2,2,5,3,1,1,3,1,1,,1,1,1,1,1,1,,,2,0,0,1,0,0,1,0,1,1
31185,2,1,0,1,1,0,1,1,15,18,15,50,7,1,4,4,1,1,1,1,1,4,1,1,,1,1,4,,,,5,0,2,0,0,1,0,0,7,1,,1
31187,4,1,0,1,1,6,1,1,17,18,17,35,7,1,4,4,1,2,3,1,1,3,1,1,,1,1,1,1,1,1,,,2,0,0,1,0,0,2,1,,6
31446,2,1,0,1,1,12,1,1,15,18,15,30,6,1,,,,,,,1,,,,,,1,1,1,1,1,,,2,0,0,1,1,1,3,1,,3
32480,2,1,0,1,1,11,1,1,11,19,11,41,3,1,,,,,,,1,,,,,,1,3,,,,1,1,1,0,0,1,0,0,1,0,2,4
32550,2,1,0,1,1,7,1,1,14,17,14,40,6,1,,,,,,,1,,,,,,1,2,,,,,,2,0,0,1,0,0,1,1,2,1
35268,2,1,0,1,1,1,1,1,14,17,14,30,6,1,5,3,2,1,3,1,1,4,1,1,,1,1,3,,,,4,0,2,0,0,1,0,0,1,1,1,1
35274,2,1,0,1,1,11,1,1,12,17,0,0,5,1,,,,,,,1,,,,,,0,,,,,,,,,,,,,,,,
35393,3,1,0,1,1,4,1,1,13,18,0,0,6,1,,,,,,,1,,,,,,1,3,,,,5,1,2,0,0,3,0,1,1,0,2,4
35449,2,1,0,1,1,0,1,1,13,18,14,30,5,1,,,,,,,2,,,,,,1,1,1,1,1,,,2,0,0,1,0,0,6,1,,4
35475,2,1,0,1,1,10,1,1,15,18,15,40,7,1,6,6,2,5,3,,1,,,,1,1,1,3,,,,1,1,2,0,0,1,1,1,1,1,1,2
35755,1,1,0,1,1,6,1,1,6,17,6,23,5,1,,,,,,,1,,,,,,1,0,,,,,,2,0,0,1,0,0,3,1,,1
35848,2,1,0,1,1,12,1,1,15,16,15,19,13,1,,,,,,,1,,,,,,1,3,,,,2,1,1,0,0,1,1,1,1,1,1,1
35853,3,1,0,1,1,12,1,1,14,18,14,40,5,1,,,,,,,1,,,,,,1,1,1,1,1,,,2,0,0,1,1,1,1,0,2,2
35854,2,1,0,1,1,11,1,1,13,18,13,30,4,2,,,,,,,1,,,,,,1,1,1,1,1,,,2,0,0,1,0,0,2,0,,3
35857,2,1,0,1,1,12,1,1,13,17,13,19,6,1,,,,,,,1,,,,,,1,3,,,,2,0,2,0,0,1,0,0,1,0,1,2
35858,2,1,0,1,1,8,1,1,16,17,16,40,8,1,4,4,4,3,3,1,1,4,1,1,,1,1,4,,,,5,1,2,0,0,1,0,0,1,0,1,2
35859,2,1,0,1,1,12,1,1,13,17,0,0,6,1,,,,,,,1,,,,,,1,1,1,1,1,,,1,0,0,1,0,0,1,0,2,1
35860,2,1,,1,1,6,1,1,15,18,15,45,7,1,6,4,1,1,3,,1,,,,1,1,1,3,,,,4,1,2,0,0,1,1,1,1,1,,3
35862,2,1,,1,1,0,1,1,14,17,14,40,6,2,,,,,,,1,,,,,,1,5,,,,,,2,0,0,1,0,0,4,1,,1
35863,7,1,0,1,1,0,1,1,16,17,16,30,8,1,5,5,3,3,2,2,1,4,1,1,,1,1,4,,,,5,1,1,0,0,1,0,0,1,0,2,3
35864,7,1,0,1,1,6,1,1,16,16,16,20,8,1,,,,,,,1,,,,,,3,,,,,,,,,,,,,,,,
35865,2,1,0,1,1,12,1,1,15,18,15,40,6,1,,,,,,,1,,,,,,1,3,,,,1,1,2,0,0,1,1,0,1,1,1,3
35867,7,1,0,1,1,8,1,1,16,15,16,45,9,3,4,3,3,1,1,1,1,1,1,1,,1,1,2,,,,,,3,0,0,1,0,0,1,0,0,3
35870,2,1,,1,1,11,1,1,14,18,0,0,5,1,,,,,,,1,,,,,,3,,,,,,,,,,,,,,,,
35872,2,1,0,1,1,12,1,1,15,18,0,0,13,2,,,,,,,1,,,,,,1,3,,,,1,1,2,0,0,1,1,1,1,1,2,2
35873,2,1,0,1,1,0,1,1,15,215,0,0,11,1,4,4,1,1,2,1,1,4,1,1,0,1,1,1,1,0,0,,,2,0,0,1,0,0,1,0,0,0
35874,2,1,0,1,1,4,1,1,15,18,15,25,8,1,,,,,,,2,,,,,,1,4,,,,5,1,1,0,0,3,1,0,1,0,1,2
35877,2,1,0,1,1,12,1,1,13,18,13,25,6,1,,,,,,,1,,,,,,1,1,0,0,0,,,2,0,0,1,0,0,4,1,,2
35878,2,1,,1,1,0,1,1,14,18,14,35,0,1,,,,,,,1,,,,,,1,0,,,,,,0,0,0,1,0,0,7,0,,0
35879,2,1,0,1,1,1,1,1,13,17,14,40,6,2,,,,,,,1,,,,,,1,4,,,,2,1,2,0,0,1,1,0,1,0,1,2
35880,2,1,0,1,1,12,1,1,15,18,15,19,14,1,,,,,,,2,,,,,,1,0,,,,,,0,0,0,1,0,0,0,0,,0
35883,2,1,0,1,1,12,1,1,14,17,15,40,7,1,,,,,,,1,,,,,,1,5,,,,,,2,0,0,1,0,0,4,1,,1
35884,2,1,0,1,1,0,1,1,15,15,15,20,7,1,,,,,,,1,,,,,,1,4,,,,5,0,1,0,0,1,0,0,4,1,,1
35885,2,1,,1,1,10,1,1,14,17,14,30,4,3,5,4,1,1,3,1,2,4,1,1,,1,1,2,,,,,,2,0,0,1,0,0,1,1,,1
35886,2,1,0,1,1,5,1,1,14,18,0,0,5,1,,,,,,,1,,,,,,1,4,,,,1,1,2,0,0,1,1,1,5,1,,1
35887,2,1,0,1,1,5,1,1,14,18,0,0,5,1,0,0,3,3,3,,1,,,,0,1,1,0,,,,,,2,0,0,0,0,0,3,0,,1
35893,2,1,0,1,1,10,1,1,16,19,17,30,8,1,4,4,1,2,3,1,1,3,1,1,,1,2,,,,,,,,0,0,3,1,1,1,1,,2
35894,7,1,0,1,1,0,1,1,15,16,15,36,7,1,0,0,3,1,0,0,1,4,1,1,,0,1,4,,,,5,0,1,0,0,1,0,1,1,0,1,4
35897,3,1,0,1,1,12,1,1,14,18,15,50,14,1,,,,,,,1,,,,,,1,3,,,,5,1,2,0,0,3,0,1,1,1,1,2
35898,7,1,0,1,1,5,1,1,15,18,15,38,8,1,,,,,,,1,,,,,,1,1,1,1,1,,,2,0,0,1,0,0,1,0,2,2
35903,7,0,,1,1,2,1,1,16,14,16,19,8,2,,,,,,,2,,,,,,2,,,,,,,,0,0,0,0,0,0,0,,0
35904,7,1,,1,1,4,1,1,17,11,17,25,8,1,4,4,1,4,2,1,2,2,0,0,,0,1,0,,,,,,0,0,0,1,0,0,1,0,,2
35905,2,1,,1,0,8,1,1,16,19,16,20,7,1,3,3,1,3,3,2,1,4,1,1,,1,1,1,1,1,0,,,2,0,0,1,0,0,1,0,,4
35907,2,1,,1,1,10,1,1,17,19,17,30,0,1,0,0,1,1,2,1,5,4,0,0,,0,3,,,,,,,,,,,,,,,,
35910,2,1,0,1,1,0,0,0,16,11,16,22,6,1,,,,,,,1,,,,,,1,0,,,,,,0,0,0,1,0,0,3,0,,0
35913,2,1,0,1,1,0,1,1,16,17,16,30,7,1,2,2,1,1,2,1,1,2,1,1,,1,3,,,,,,,,,,,,,,,,
35915,2,1,,1,1,12,1,1,15,11,16,21,7,3,2,3,1,1,1,1,2,4,1,1,,1,2,,,,,,,,0,0,1,0,0,1,0,,3
35993,6,1,,1,1,1,1,1,16,18,16,20,7,1,5,5,1,1,3,1,1,4,1,1,,1,1,4,,,,5,1,2,0,0,1,1,1,3,1,,4
36002,2,1,0,1,1,0,1,1,17,17,18,50,10,1,,,,,,,1,,,,,,0,,,,,,,,,,,,,,,,
36004,2,1,0,1,1,0,1,0,16,14,16,30,8,1,2,2,3,3,2,1,1,3,1,1,,0,0,,,,,,,,,,,,,,,,
36032,2,1,0,1,1,12,1,1,15,13,15,25,19,1,2,5,3,1,2,3,1,1,1,1,,1,2,,,,,,,,0,0,1,0,0,1,1,,3
36036,2,1,0,1,1,5,1,1,16,11,16,20,9,1,,,,,,,1,,,,,,3,,,,,,,,,,,,,,,,
36037,2,1,0,1,1,0,1,1,15,15,15,20,7,1,,,,,,,1,,,,,,1,5,,,,,,2,0,0,1,0,0,3,0,,2
36039,7,1,0,1,1,0,1,1,15,19,15,20,4,1,5,2,1,1,2,1,1,2,1,1,,1,1,1,1,0,0,,,2,0,0,3,0,0,1,0,2,1
36041,2,1,,1,1,12,1,1,15,10,15,20,14,3,,,,,,,3,,,,,,3,,,,,,,,,,,,,,,,
36043,5,1,,1,1,1,1,0,15,17,16,20,0,1,,,,,,,2,,,,,,3,,,,,,,,,,,,,,,,
36045,2,1,0,1,1,0,1,1,15,10,15,19,6,1,,,,,,,1,,,,,,1,0,,,,,,2,0,0,0,0,0,0,0,,0
36158,2,1,0,1,1,6,1,1,14,14,0,0,10,2,,,,,,,1,,,,,,1,4,,,,4,1,2,0,0,1,0,0,7,1,,1
36159,2,1,0,1,1,0,1,1,14,11,14,30,5,1,6,5,3,5,2,1,1,3,1,1,,1,1,3,,,,5,0,2,0,0,1,0,0,3,1,,1
36223,2,1,,1,1,0,1,1,15,15,15,20,5,1,,,,,,,5,,,,,,4,,,,,,,,,,,,,,,,
36254,2,1,0,1,1,6,1,1,13,18,13,28,7,2,3,5,3,1,2,1,1,4,1,1,,1,1,1,1,1,1,,,2,0,0,1,0,0,1,0,1,1
36261,2,1,0,1,1,0,1,1,12,18,0,0,4,1,,,,,,,1,,,,,,1,2,,,,,,2,0,0,1,0,0,3,1,,1
36262,2,1,0,1,1,6,1,1,14,18,14,25,6,1,,,,,,,1,,,,,,1,1,1,0,0,,,3,0,0,4,1,1,3,0,,1
36263,2,1,0,1,1,4,1,1,12,18,12,19,7,1,,,,,,,2,,,,,,1,0,,,,,,2,0,0,1,0,0,5,1,,1
36274,2,1,0,1,1,6,1,1,13,18,13,30,5,1,,,,,,,1,,,,,,1,3,,,,4,0,2,0,0,1,0,0,7,1,,1
36282,0,0,0,1,1,5,1,1,11,18,11,20,5,3,,,,,,,3,,,,,,3,,,,,,,,,,,,,,,,
36285,2,1,0,1,1,5,1,0,13,19,13,30,0,1,,,,,,,1,,,,,,1,1,0,0,0,,,0,0,0,0,0,0,0,0,,0
36286,2,1,0,0,1,5,1,1,12,17,0,0,7,3,,,,,,,1,,,,,,4,,,,,,,,,,,,,,,,
36410,2,1,0,1,1,12,1,1,14,18,14,20,7,3,,,,,,,1,,,,,,1,3,,,,1,1,2,0,0,3,0,1,1,0,2,3
36426,2,1,0,1,1,6,1,1,14,19,14,30,6,1,,,,,,,1,,,,,,1,4,,,,1,1,2,0,0,1,1,1,3,1,,1
36469,2,1,,1,1,6,1,1,12,18,0,0,11,1,,,,,,,3,,,,,,3,,,,,,,,,,,,,,,,
36470,2,1,0,1,1,0,1,1,12,17,12,19,4,1,,,,,,,1,,,,,,3,,,,,,,,,,,,,,,,
36477,2,1,0,1,1,0,1,1,12,0,0,0,6,1,,,,,,,2,,,,,,2,,,,,,,,0,0,0,0,0,0,0,,0
36491,2,1,0,1,1,6,1,1,12,18,0,0,5,1,,,,,,,1,,,,,,1,4,,,,0,0,2,0,0,1,0,0,5,0,,1
36492,2,1,0,1,1,6,1,1,13,18,13,30,6,2,,,,,,,1,,,,,,1,5,,,,,,2,0,0,1,0,0,3,0,,1
36493,2,1,0,1,1,5,1,1,12,18,0,0,4,1,,,,,,,1,,,,,,1,5,,,,,,2,0,0,1,1,0,3,1,,1
36494,2,1,0,1,1,0,1,1,13,17,13,30,5,2,,,,,,,2,,,,,,1,0,,,,,,0,0,0,0,0,0,0,0,,0
36495,2,1,0,0,1,0,1,0,12,18,0,0,0,1,,,,,,,0,,,,,,1,0,,,,,,0,0,0,0,0,0,0,1,,0
36501,2,1,,1,1,6,1,1,13,19,0,0,5,1,,,,,,,1,,,,,,1,0,,,,,,0,0,0,0,0,0,0,0,,0
36504,2,1,0,1,1,0,1,1,12,18,12,19,5,1,,,,,,,1,,,,,,3,,,,,,,,,,,,,,,,
36512,2,0,0,1,1,6,1,1,11,19,11,23,6,1,,,,,,,1,,,,,,1,5,,,,,,2,0,0,1,1,0,3,1,,1
36522,2,1,0,1,1,0,1,1,11,18,11,19,4,1,,,,,,,1,,,,,,1,4,,,,4,0,2,0,0,1,1,0,3,0,,1
37038,2,0,,1,1,0,1,0,0,17,0,0,0,1,,,,,,,0,,,,,,0,,,,,,,,,,,,,,,,
37241,2,1,0,1,1,12,1,1,12,18,12,40,4,1,,,,,,,1,,,,,,2,,,,,,,,0,0,2,1,1,1,0,,3
37261,2,1,0,1,1,0,1,1,14,11,14,20,7,1,,,,,,,1,,,,,,3,,,,,,,,,,,,,,,,
42120,2,1,0,1,1,12,1,1,15,18,15,30,7,1,2,3,1,1,2,1,1,4,1,1,,1,1,1,1,1,0,,,2,0,0,1,0,0,1,0,1,1
42123,2,1,0,1,1,12,1,1,22,18,15,28,7,1,,,,,,,1,,,,,,2,,,,,,,,0,0,1,1,1,3,1,,2
42178,7,1,0,1,1,5,1,1,15,10,15,20,9,1,5,5,1,1,2,1,1,3,1,1,,1,1,1,1,1,0,,,2,0,0,1,0,0,1,0,1,1
42388,8,1,0,1,1,6,1,1,15,16,15,20,7,4,,,,,,,2,,,,,,1,4,,,,1,0,2,0,0,3,0,1,1,0,1,2
43905,2,1,0,1,1,6,1,1,15,15,15,40,8,2,,,,,,,1,,,,,,1,5,,,,,,3,0,0,3,0,0,1,0,0,6
43907,2,1,0,1,1,1,1,1,14,19,14,50,7,1,,,,,,,1,,,,,,1,1,1,1,1,,,2,0,0,1,1,1,1,1,1,2
43909,2,1,0,1,1,11,1,1,13,18,0,0,6,1,,,,,,,1,,,,,,1,0,,,,,,1,0,0,1,0,0,1,0,1,1
43910,2,1,0,1,1,12,1,1,14,19,14,50,14,1,,,,,,,1,,,,,,1,3,,,,3,1,2,0,0,1,0,0,1,1,1,1
43911,2,0,0,1,1,10,1,1,14,17,0,0,8,1,,,,,,,1,,,,,,1,1,0,0,0,,,1,0,0,1,0,0,1,0,2,2
43912,2,1,0,1,1,10,1,1,14,18,14,25,7,1,,,,,,,1,,,,,,1,1,1,1,1,,,1,0,0,1,0,0,1,1,1,3
43914,2,1,0,1,1,0,1,1,14,17,14,30,7,1,,,,,,,3,,,,,,2,,,,,,,,0,0,0,0,0,0,0,,0
43917,2,1,0,1,1,0,1,1,15,19,15,20,8,2,,,,,,,1,,,,,,1,4,,,,4,1,2,0,0,1,0,0,1,1,1,3
43920,2,1,0,1,1,11,1,1,13,19,13,20,6,1,,,,,,,1,,,,,,1,2,,,,,,2,0,0,3,1,1,3,1,,2
43921,2,1,0,1,1,6,1,1,14,17,0,0,7,1,,,,,,,1,,,,,,1,0,,,,,,3,0,0,1,0,0,3,1,,1
43923,2,1,0,1,1,10,1,1,14,18,0,0,0,1,0,0,0,0,2,,1,,,,0,0,1,0,,,,,,0,0,0,1,0,0,7,1,,1
43928,2,1,0,1,1,0,1,1,13,18,14,29,7,1,,,,,,,1,,,,,,1,1,1,1,1,,,1,0,0,3,1,0,3,1,,6
43930,2,1,0,1,1,3,1,1,14,19,14,22,12,1,,,,,,,1,,,,,,1,1,1,1,1,,,2,0,0,1,0,0,1,0,1,1
43932,2,1,0,1,1,10,1,1,15,16,15,40,9,1,4,4,2,2,3,1,1,4,1,1,,1,1,4,,,,5,1,1,0,0,1,0,0,1,1,1,3
43934,2,1,0,1,1,6,1,1,11,19,11,36,3,1,,,,,,,2,,,,,,1,3,,,,2,0,2,0,0,1,0,0,1,0,1,3
43937,2,1,0,1,1,10,1,1,13,19,13,43,7,2,,,,,,,1,,,,,,1,4,,,,4,1,2,0,0,1,1,1,1,1,1,3
43938,2,1,0,1,1,0,0,1,15,18,16,30,9,1,5,5,1,1,3,1,1,2,1,1,,1,1,4,,,,5,1,2,0,0,1,1,1,6,1,,3
43940,2,1,0,1,1,9,1,1,13,18,13,28,6,1,,,,,,,1,,,,,,1,4,,,,5,0,2,0,0,1,0,0,1,0,2,2
43969,7,1,0,1,1,0,1,1,14,17,0,0,5,1,,,,,,,3,,,,,,2,,,,,,,,0,0,2,1,1,6,1,,3
43975,2,1,0,1,1,12,1,1,12,17,14,19,2,2,,,,,,,1,,,,,,1,5,,,,,,3,0,0,1,1,1,1,1,1,2
44076,1,1,0,1,1,3,1,1,15,18,16,35,10,0,,,,,,,1,,,,,,1,0,,,,,,2,0,0,1,1,0,3,1,,1
44077,2,1,0,1,1,12,1,1,15,18,15,20,6,1,,,,,,,1,,,,,,1,3,,,,2,1,2,0,0,1,0,1,3,1,,2
44185,2,1,0,1,1,6,1,1,15,18,15,30,5,1,,,,,,,1,,,,,,1,4,,,,5,1,2,0,0,1,0,0,1,0,1,2
45219,2,1,0,1,1,12,1,1,11,17,0,0,12,0,,,,,,,3,,,,,,0,,,,,,,,,,,,,,,,
46470,2,1,0,1,1,6,1,1,13,18,0,0,6,1,,,,,,,1,,,,,,1,3,,,,5,0,2,0,0,3,1,1,3,0,,1
46473,2,1,0,1,1,0,1,1,14,18,0,0,7,1,,,,,,,1,,,,,,1,0,,,,,,2,0,0,1,0,0,7,0,,2
46514,2,1,0,1,1,0,1,1,13,11,0,0,4,1,,,,,,,1,,,,,,1,5,,,,,,2,0,0,1,0,0,6,1,,1
49172,2,1,0,1,1,1,1,1,13,17,13,25,6,1,,,,,,,1,,,,,,1,4,,,,2,0,2,0,0,1,0,0,1,0,1,1
49327,2,1,0,1,1,1,1,1,13,18,13,40,4,1,,,,,,,1,,,,,,1,4,,,,4,1,2,0,0,1,0,0,4,0,,1
49330,3,1,,1,1,7,1,1,14,17,14,40,7,1,,,,,,,1,,,,,,1,1,1,1,1,,,2,0,0,1,1,0,4,1,,2
49333,12,1,0,1,1,12,1,1,14,18,14,50,7,1,,,,,,,1,,,,,,1,4,,,,2,1,2,0,0,1,1,1,1,0,2,7
49334,2,1,,1,1,12,1,1,13,18,13,37,5,1,,,,,,,1,,,,,,1,4,,,,5,1,2,0,0,1,0,0,4,1,,2
49335,8,1,0,1,1,9,1,1,14,17,14,40,8,1,,,,,,,1,,,,,,1,3,,,,2,1,2,0,0,1,0,0,1,0,1,1
49339,2,1,,1,1,12,1,1,14,16,14,45,8,1,,,,,,,1,,,,,,1,1,1,1,1,,,2,0,0,3,1,1,1,1,,1
49342,2,1,0,1,1,0,1,1,13,10,13,20,5,1,,,,,,,1,,,,,,1,4,,,,4,1,1,0,0,1,1,1,4,0,,1
49347,2,1,,1,1,6,1,1,14,17,14,30,6,1,,,,,,,4,,,,,,4,,,,,,,,,,,,,,,,
49359,7,1,0,1,1,7,1,1,15,19,15,20,7,1,,,,,,,1,,,,,,3,,,,,,,,,,,,,,,,
49360,2,1,0,1,1,5,1,1,16,17,16,21,9,1,2,3,1,1,2,1,1,4,1,1,1,1,1,1,1,1,0,,,2,0,0,1,1,1,1,0,1,3
49367,2,1,,1,1,5,1,1,2,7,3,21,6,1,,,,,,,1,,,,,,3,,,,,,,,,,,,,,,,
49787,2,1,0,1,1,0,1,1,11,17,11,20,0,1,,,,,,,1,,,,,,1,0,,,,,,2,0,0,0,0,0,0,0,,5
50154,2,1,0,1,1,11,1,1,13,18,13,29,6,1,,,,,,,1,,,,,,1,1,1,1,1,,,1,0,0,1,1,1,3,1,,3
50203,2,1,,1,1,3,1,1,15,18,15,30,9,1,,,,,,,1,,,,,,1,3,,,,0,0,2,0,0,1,0,0,3,0,,6
50211,2,1,0,1,1,0,1,1,8,19,0,0,21,1,,,,,,,3,,,,,,3,,,,,,,,,,,,,,,,
50220,7,1,0,1,1,0,1,1,14,16,14,21,8,1,,,,,,,1,,,,,,1,5,,,,,,3,0,0,1,0,0,5,1,,1
50354,2,1,0,1,1,1,1,1,15,17,15,21,8,2,,,,,,,1,,,,,,1,5,,,,,,3,0,0,1,1,0,1,0,1,3
50356,2,1,,1,1,8,1,1,14,15,14,30,14,2,,,,,,,1,,,,,,3,,,,,,,,,,,,,,,,
50357,2,1,,1,1,12,1,1,12,10,12,19,5,1,,,,,,,1,,,,,,1,1,1,1,1,,,3,0,0,0,0,0,5,1,,1
50358,2,1,0,1,1,12,1,1,14,17,0,0,13,1,,,,,,,1,,,,,,0,,,,,,,,,,,,,,,,
50359,2,1,0,1,1,10,1,1,15,15,15,30,8,1,,,,,,,1,,,,,,1,1,1,1,1,,,1,0,0,3,1,1,3,1,,6
50361,7,1,,1,1,9,1,1,14,10,14,30,8,1,,,,,,,1,,,,,,1,1,1,1,1,,,2,0,0,3,0,1,1,0,1,1
50362,2,1,0,1,1,12,1,1,13,17,0,0,6,3,,,,,,,1,,,,,,3,,,,,,,,,,,,,,,,
50364,2,1,0,1,1,0,1,1,7,17,10,20,7,0,0,0,0,0,0,,1,,,,0,0,0,,,,,,,,,,,,,,,,
50368,7,1,,1,1,12,1,1,14,17,14,25,10,2,,,,,,,1,,,,,,3,,,,,,,,,,,,,,,,
50370,2,1,0,1,1,9,1,1,13,15,13,20,5,2,,,,,,,1,,,,,,2,,,,,,,,0,0,1,0,0,4,0,,1
50371,2,1,0,1,1,12,1,1,15,17,15,25,7,1,,,,,,,1,,,,,,1,1,1,1,1,,,2,0,0,1,0,0,1,1,1,1
50373,2,1,0,1,1,12,1,1,14,14,14,30,6,2,,,,,,,1,,,,,,1,4,,,,5,0,2,0,0,1,0,0,1,0,2,2
50375,2,1,0,1,1,9,1,1,14,15,14,30,10,1,,,,,,,1,,,,,,1,4,,,,5,0,2,0,0,1,1,0,3,0,,3
50377,2,1,,1,1,9,1,1,14,15,14,30,12,1,,,,,,,1,,,,,,1,5,,,,,,2,0,0,4,1,1,3,1,,1
50378,2,1,0,1,1,5,1,1,13,17,13,25,4,1,,,,,,,1,,,,,,1,4,,,,4,1,2,0,0,1,1,1,5,1,,3
50380,2,1,0,1,1,12,1,1,14,16,14,20,6,1,,,,,,,1,,,,,,2,,,,,,,,0,0,0,0,0,0,0,,0
50381,2,1,,1,1,12,1,1,14,15,14,20,8,1,,,,,,,0,,,,,,3,,,,,,,,,,,,,,,,
50382,2,1,0,1,1,8,1,1,14,15,21,21,10,1,,,,,,,1,,,,,,1,3,,,,1,1,2,0,0,1,1,1,1,1,1,5
50383,2,1,0,1,1,12,1,1,14,18,14,30,7,5,,,,,,,1,,,,,,1,3,,,,1,1,2,0,0,1,1,0,1,1,2,1
50384,2,1,0,1,1,12,1,1,14,10,14,20,7,1,,,,,,,2,,,,,,1,5,,,,,,2,0,0,1,1,1,1,0,1,1
50385,2,1,0,1,1,12,1,1,14,10,14,20,9,5,,,,,,,1,,,,,,0,,,,,,,,,,,,,,,,
50386,2,1,0,1,1,0,1,0,14,15,14,20,16,1,,,,,,,1,,,,,,3,,,,,,,,,,,,,,,,
50387,2,1,0,1,1,0,1,1,15,17,0,0,6,0,,,,,,,0,,,,,,0,,,,,,,,,,,,,,,,
50388,2,1,0,1,1,12,1,0,14,10,14,19,6,3,,,,,,,3,,,,,,0,,,,,,,,,,,,,,,,
50389,2,1,0,1,1,12,1,1,14,17,14,19,14,3,,,,,,,1,,,,,,3,,,,,,,,,,,,,,,,
50390,1,1,0,1,1,12,1,1,14,10,14,0,15,1,,,,,,,1,,,,,,2,,,,,,,,0,0,1,1,0,1,1,,5
50391,1,1,0,1,1,0,1,1,15,16,15,20,10,2,,,,,,,2,,,,,,0,,,,,,,,,,,,,,,,
50392,2,1,0,1,1,12,1,1,13,18,0,0,0,3,,,,,,,1,,,,,,1,5,,,,,,2,0,0,3,1,1,1,1,1,2
50394,2,1,0,1,1,12,1,1,14,10,14,19,13,3,,,,,,,1,,,,,,1,2,,,,,,2,0,0,1,1,1,1,1,1,3
50395,2,1,,1,1,0,1,1,21,17,21,19,7,0,,,,,,,2,,,,,,2,,,,,,,,0,0,0,0,0,0,0,,0
50396,2,1,,1,1,0,1,1,13,17,13,25,0,1,,,,,,,1,,,,,,3,,,,,,,,,,,,,,,,
50398,2,1,0,1,1,10,1,1,15,15,15,20,6,1,,,,,,,2,,,,,,3,,,,,,,,,,,,,,,,
50401,2,1,,1,1,4,1,1,13,18,13,40,6,1,,,,,,,1,,,,,,2,,,,,,,,0,0,1,0,0,6,1,,2
50541,2,1,,1,1,2,1,1,13,18,13,40,6,2,,,,,,,2,,,,,,3,,,,,,,,,,,,,,,,
50543,2,1,0,1,1,10,1,1,13,16,14,25,9,1,,,,,,,1,,,,,,1,4,,,,5,1,2,0,0,1,0,0,1,1,1,3
50544,2,1,0,1,1,0,1,1,13,17,13,19,5,1,,,,,,,1,,,,,,3,,,,,,,,,,,,,,,,
50549,2,1,,1,1,6,1,1,14,17,14,30,7,3,,,,,,,3,,,,,,4,,,,,,,,,,,,,,,,
50550,2,1,,1,1,0,1,1,13,17,13,30,5,1,,,,,,,1,,,,,,0,,,,,,,,,,,,,,,,
50551,2,1,0,1,1,0,1,1,14,17,14,40,5,2,,,,,,,1,,,,,,1,4,,,,1,1,2,0,0,1,0,0,1,0,2,3
50555,2,1,0,1,1,12,1,1,14,17,14,41,8,1,,,,,,,1,,,,,,1,4,,,,1,1,1,0,0,1,0,0,1,1,1,2
50557,3,1,0,1,1,0,1,1,13,17,13,40,5,1,,,,,,,1,,,,,,1,3,,,,6,1,3,0,0,0,0,0,0,1,,1
50558,2,1,0,1,1,12,1,1,13,17,14,35,7,1,,,,,,,1,,,,,,1,4,,,,4,1,2,0,0,1,0,0,1,0,2,1
50559,2,1,0,1,1,12,1,1,12,14,0,0,5,2,,,,,,,1,,,,,,1,0,,,,,,2,0,0,1,1,1,1,0,0,0
50560,2,1,0,1,1,12,1,1,13,17,14,20,5,1,3,3,1,1,2,,1,,,,1,1,1,5,,,,,,3,0,0,1,1,1,4,1,,1
50562,2,1,0,1,1,0,1,1,13,16,13,35,5,1,,,,,,,1,,,,,,1,0,,,,,,2,0,0,1,0,0,0,0,,0
50565,2,1,,1,1,12,1,1,13,10,13,19,6,0,,,,,,,2,,,,,,3,,,,,,,,,,,,,,,,
50566,2,1,0,1,1,7,1,1,13,18,13,45,9,3,,,,,,,1,,,,,,3,,,,,,,,,,,,,,,,
50568,2,1,0,1,1,11,1,1,13,19,13,35,6,1,,,,,,,1,,,,,,1,4,,,,2,1,2,0,0,1,0,0,1,1,1,6
50571,2,1,0,1,1,0,1,1,12,18,12,40,3,1,,,,,,,1,,,,,,1,3,,,,4,1,2,0,0,1,0,1,1,0,2,1
50572,2,1,0,1,1,1,1,1,13,17,13,20,5,2,,,,,,,1,,,,,,1,4,,,,5,1,2,0,0,1,0,0,4,1,,3
50578,2,1,0,1,1,10,1,1,13,18,13,30,5,1,,,,,,,1,,,,,,1,4,,,,2,1,2,0,0,1,0,0,1,1,1,2
50579,2,1,,1,1,10,1,1,14,11,14,31,7,1,,,,,,,1,,,,,,1,1,1,1,1,,,2,0,0,1,1,1,4,1,,2
50650,1,1,0,1,1,12,1,1,11,17,11,20,2,1,,,,,,,1,,,,,,1,5,,,,,,1,0,0,1,0,0,1,1,2,2
50665,2,1,0,1,1,0,1,1,11,17,0,0,5,0,,,,,,,1,,,,,,2,,,,,,,,0,0,0,0,0,0,0,,0
50671,2,1,0,1,1,9,1,1,11,11,11,20,6,1,,,,,,,2,,,,,,1,3,,,,1,0,0,0,0,0,0,0,3,1,,1
50672,2,1,0,1,1,10,1,1,12,11,12,50,14,2,,,,,,,1,,,,,,1,0,,,,,,2,0,0,3,0,0,3,0,,1
50673,2,1,0,1,1,10,1,1,12,18,12,20,6,1,,,,,,,1,,,,,,4,,,,,,,,,,,,,,,,
50674,2,1,0,1,1,10,1,1,12,17,12,50,7,1,,,,,,,1,,,,,,1,5,,,,,,3,0,0,3,0,0,3,0,,1
50679,2,1,0,1,1,0,1,1,12,11,12,21,4,0,,,,,,,1,,,,,,1,0,,,,,,0,0,0,0,0,0,0,0,,0
50680,2,1,0,1,1,11,1,1,13,14,13,20,5,2,,,,,,,1,,,,,,1,0,,,,,,3,0,0,0,0,0,3,1,,1
50681,2,1,0,1,1,10,1,1,12,11,12,25,5,2,,,,,,,2,,,,,,2,,,,,,,,0,0,1,0,0,6,0,,0
50782,2,1,0,1,1,5,1,1,16,19,16,20,5,1,2,2,1,1,1,1,1,2,1,1,,1,2,,,,,,,,0,0,1,0,0,1,0,,0
50792,6,1,,1,1,0,0,1,11,18,11,30,1,1,,,,,,,1,,,,,,1,2,,,,,,1,0,0,1,0,1,3,1,,4
51075,3,1,,1,1,8,1,1,17,18,0,0,8,1,0,0,0,0,0,0,1,0,0,0,,0,4,,,,,,,,,,,,,,,,
51079,2,1,0,1,1,0,1,1,14,14,14,19,6,2,,,,,,,2,,,,,,2,,,,,,,,0,0,1,0,0,1,0,,2
51374,2,1,0,1,1,12,1,1,13,18,0,0,16,2,,,,,,,2,,,,,,2,,,,,,,,0,0,1,0,0,1,0,,1
52638,2,1,0,1,1,0,1,1,14,16,14,19,6,2,,,,,,,1,,,,,,1,2,,,,,,2,0,0,1,0,0,1,0,1,6
52894,2,1,,1,1,11,1,1,13,18,13,30,6,1,,,,,,,2,,,,,,4,,,,,,,,,,,,,,,,
52897,2,1,0,1,1,6,1,1,10,17,10,35,3,1,,,,,,,1,,,,,,1,4,,,,2,1,1,0,0,3,1,1,1,1,1,3
53254,2,1,0,1,1,11,1,1,11,18,11,37,9,1,,,,,,,1,,,,,,1,1,1,1,1,,,1,0,0,1,1,1,5,1,,2
53829,2,1,,1,1,11,1,1,12,16,0,0,7,1,,,,,,,1,,,,,,1,4,,,,0,0,1,0,0,1,0,0,4,0,,1
53860,2,1,,1,1,11,1,1,12,17,12,40,5,1,,,,,,,1,,,,,,3,,,,,,,,,,,,,,,,
53921,2,1,0,1,1,6,1,1,13,15,13,20,0,1,,,,,,,2,,,,,,1,2,,,,,,2,0,0,1,0,0,0,0,,0
53959,2,1,,1,1,1,1,1,12,18,12,30,5,1,,,,,,,1,,,,,,1,3,,,,5,1,2,0,0,1,0,0,4,0,,1
54026,2,1,0,1,1,12,1,1,13,18,13,40,5,1,,,,,,,1,,,,,,1,4,,,,1,1,2,0,0,1,1,0,1,0,1,1
54029,2,1,,1,1,12,1,1,13,16,0,0,6,5,,,,,,,1,,,,,,1,3,,,,5,0,2,0,0,1,0,0,1,0,,1
54030,2,1,,1,1,12,1,1,13,17,0,0,6,4,,,,,,,4,,,,,,3,,,,,,,,,,,,,,,,
54037,2,1,0,1,1,12,1,1,13,17,0,0,5,1,,,,,,,1,,,,,,1,4,,,,5,1,2,0,0,1,1,1,4,0,,1
54048,2,1,0,1,1,12,1,1,13,16,13,20,6,4,0,0,0,0,0,,1,,,,0,0,1,4,,,,2,1,1,0,0,1,0,0,3,0,,3
54057,2,1,0,1,1,4,1,1,12,17,13,60,5,2,,,,,,,2,,,,,,1,5,,,,,,2,0,0,1,0,0,7,1,,4
54060,2,1,,1,1,10,1,1,12,16,13,31,9,2,,,,,,,1,,,,,,2,,,,,,,,0,0,1,0,0,1,0,,1
54066,2,1,0,1,1,0,1,1,13,18,13,20,5,1,,,,,,,1,,,,,,1,4,,,,5,1,1,0,0,1,0,0,1,1,2,1
54070,2,1,0,1,1,1,1,1,13,16,13,30,5,2,3,3,1,1,1,,1,,,,1,1,1,1,1,1,1,,,2,0,0,1,0,0,1,0,1,6
54075,2,1,0,1,1,11,1,1,12,18,13,35,5,1,,,,,,,1,,,,,,1,4,,,,4,0,2,0,0,1,0,0,1,0,1,3
54078,2,1,0,1,1,11,1,1,12,18,13,40,6,1,,,,,,,1,,,,,,1,5,,,,,,2,0,0,1,1,0,1,1,1,1
54082,2,1,,1,1,11,1,1,12,17,0,0,4,2,,,,,,,2,,,,,,1,4,,,,5,0,2,0,0,1,1,0,4,0,,3
54084,2,1,0,1,1,10,1,1,12,16,13,31,5,1,,,,,,,1,,,,,,1,3,,,,2,1,2,0,0,1,0,0,1,0,2,2
54085,2,1,0,1,1,12,1,1,12,15,12,30,0,1,,,,,,,1,,,,,,1,4,,,,2,1,2,0,0,1,0,0,4,0,,3
54088,2,1,0,1,1,11,1,1,12,16,12,25,5,1,,,,,,,1,,,,,,1,4,,,,2,1,2,0,0,1,1,0,7,1,,1
54092,2,1,0,1,1,11,1,1,12,18,0,0,5,1,,,,,,,1,,,,,,1,4,,,,5,1,1,0,0,3,1,1,4,0,,2
54098,2,1,0,1,1,12,1,1,12,16,0,0,6,1,,,,,,,1,,,,,,3,,,,,,,,,,,,,,,,
54100,2,1,0,1,1,4,1,1,12,15,12,19,6,3,,,,,,,1,,,,,,1,2,,,,,,2,0,0,1,0,0,4,0,,3
54102,2,1,0,1,1,0,1,1,12,10,12,30,5,1,,,,,,,2,,,,,,1,0,,,,,,0,0,0,0,0,0,1,1,,6
54104,2,1,0,1,1,11,1,1,12,17,12,40,4,1,,,,,,,1,,,,,,1,4,,,,4,1,2,0,0,1,1,1,1,1,2,1
54108,2,1,,1,1,12,1,1,13,18,13,45,6,1,,,,,,,1,,,,,,1,4,,,,4,0,2,0,0,3,1,1,1,0,,1
54109,2,1,0,1,1,1,1,1,12,18,12,30,5,1,,,,,,,1,,,,,,1,1,1,1,1,,,2,0,0,1,0,1,1,1,1,2
54110,2,1,0,1,1,0,1,1,12,16,12,30,4,1,,,,,,,1,,,,,,1,3,,,,5,1,1,0,0,1,0,0,4,0,,2
54111,2,1,0,1,1,12,1,1,12,18,12,50,5,1,,,,,,,1,,,,,,1,4,,,,5,1,2,0,0,1,0,0,1,0,0,1
54113,2,1,0,1,1,12,1,1,12,18,12,50,6,1,2,4,2,1,1,,1,,,,1,1,1,4,,,,2,1,1,0,0,1,0,0,1,0,2,1
54114,2,1,,1,1,1,1,1,12,17,12,35,5,1,,,,,,,5,,,,,,4,,,,,,,,,,,,,,,,
54116,2,1,0,1,1,12,1,1,11,18,0,0,5,1,3,3,1,1,1,,1,,,,0,0,1,1,1,0,0,,,2,0,0,1,0,0,4,0,,1
54119,2,1,0,1,1,12,1,1,12,18,12,35,5,1,,,,,,,1,,,,,,1,4,,,,2,0,2,0,0,1,0,0,4,1,,2
54124,2,1,0,1,1,12,1,1,13,17,13,35,6,1,,,,,,,1,,,,,,1,4,,,,2,1,2,0,0,1,0,0,4,1,,2
54253,2,1,0,1,1,8,1,1,13,18,0,0,7,3,,,,,,,3,,,,,,1,1,1,1,1,,,2,0,0,1,0,0,1,1,1,2
54270,2,1,0,1,1,10,1,1,12,17,12,19,6,1,,,,,,,1,,,,,,1,4,,,,5,0,0,0,0,1,0,0,1,1,1,3
54274,2,1,0,1,1,10,1,1,12,17,12,36,8,2,,,,,,,2,,,,,,1,1,1,1,1,,,2,0,0,1,1,1,1,0,2,5
54277,8,1,0,1,1,10,1,1,12,18,12,48,8,1,,,,,,,1,,,,,,3,,,,,,,,,,,,,,,,
54291,2,0,,1,1,0,1,1,17,18,0,0,10,1,5,0,0,0,0,1,1,0,0,0,,0,0,,,,,,,,,,,,,,,,
54305,2,1,0,1,1,12,1,1,15,11,16,51,5,1,,,,,,,1,,,,,,1,3,,,,2,0,2,0,0,1,0,0,1,0,1,2
54306,4,1,,1,1,2,1,1,15,17,15,19,13,0,,,,,,,0,,,,,,3,,,,,,,,,,,,,,,,
54318,7,1,,1,1,12,1,1,15,19,0,0,6,2,,,,,,,1,,,,,,2,,,,,,,,0,0,2,1,1,1,0,,1
54327,4,1,,1,1,5,1,1,15,16,15,21,6,2,,,,,,,2,,,,,,2,,,,,,,,0,0,3,0,0,3,0,,2
54329,2,1,0,1,1,4,1,1,14,17,15,30,5,1,,,,,,,1,,,,,,1,1,1,1,1,,,2,0,0,1,1,1,3,1,,2
54335,4,1,,1,1,5,1,1,13,17,0,0,4,1,,,,,,,1,,,,,,1,3,,,,3,0,2,0,0,1,0,0,3,1,,2
54337,2,1,0,1,1,0,0,1,16,19,16,25,7,1,6,4,2,1,2,1,1,4,1,1,,1,1,3,,,,4,0,2,0,0,1,0,0,1,0,1,2
54342,11,1,0,1,1,7,1,1,18,19,0,0,0,2,,,,,,,1,,,,,,4,,,,,,,,,,,,,,,,
54345,2,1,,1,1,6,1,1,15,15,15,19,8,3,,,,,,,1,,,,,,2,,,,,,,,0,0,1,0,0,3,1,,3
54347,1,1,0,1,1,7,1,1,14,16,0,0,4,0,,,,,,,0,,,,,,1,0,,,,,,0,0,0,1,0,0,3,1,,1
54348,2,1,0,1,1,7,1,1,15,19,15,20,6,1,4,4,3,1,2,1,1,2,0,0,,0,1,1,1,1,1,,,2,0,0,1,0,0,1,0,1,1
54349,2,1,0,1,1,5,1,1,14,18,15,50,7,1,,,,,,,1,,,,,,1,1,1,1,1,,,2,0,0,1,0,0,3,0,,1
54352,2,1,0,1,1,6,1,1,14,15,14,25,4,1,,,,,,,1,,,,,,1,3,,,,1,0,2,0,0,1,0,0,3,0,,2
54356,1,1,0,1,1,6,1,1,14,18,14,19,4,1,5,5,1,3,2,,1,,,,1,0,3,,,,,,,,,,,,,,,,
54360,2,1,,1,1,6,1,1,14,18,15,50,6,1,,,,,,,1,,,,,,1,5,,,,,,2,0,0,2,1,1,1,1,,1
54361,2,1,,1,1,4,1,1,14,10,14,20,5,1,,,,,,,1,,,,,,1,5,,,,,,2,0,0,1,1,0,1,0,1,1
54364,2,1,,1,1,10,0,0,15,216,15,20,6,1,4,2,1,1,2,1,2,2,0,0,,1,2,,,,,,,,0,0,2,0,0,0,0,,0
54367,2,1,,1,1,12,1,1,14,18,14,50,6,1,,,,,,,1,,,,,,1,2,,,,,,2,0,0,4,0,0,1,1,0,5
54370,2,1,,1,1,1,1,1,14,14,15,50,6,1,,,,,,,1,,,,,,0,,,,,,,,,,,,,,,,
54386,2,1,0,1,1,12,1,1,15,18,0,0,8,1,,,,,,,1,,,,,,1,1,1,1,1,,,2,0,0,1,0,0,1,1,2,4
54388,12,1,0,1,1,12,1,1,15,17,15,25,8,1,,,,,,,1,,,,,,1,4,,,,5,1,2,0,0,1,0,0,1,1,1,3
54389,2,1,0,1,1,12,1,1,15,18,15,20,8,1,,,,,,,1,,,,,,1,3,,,,4,1,2,0,0,1,1,1,1,1,1,3
54391,2,1,0,1,1,3,1,1,13,19,13,19,4,2,,,,,,,1,,,,,,1,1,1,1,1,,,0,0,0,1,0,0,3,0,,1
54395,2,1,0,1,1,12,1,1,15,18,15,36,8,1,,,,,,,1,,,,,,1,1,1,1,1,,,2,0,0,1,0,0,3,1,,6
54402,2,1,0,1,1,12,1,1,12,19,12,30,7,1,,,,,,,1,,,,,,1,3,,,,2,1,2,0,0,1,0,0,3,1,,1
54409,2,1,0,1,1,0,1,1,13,18,13,50,6,1,,,,,,,1,,,,,,1,4,,,,5,1,2,0,0,1,0,0,7,0,,2
54430,2,1,0,1,1,3,1,1,13,19,0,0,11,1,,,,,,,1,,,,,,1,1,1,1,0,,,2,0,0,1,0,0,2,1,,1
54457,2,1,,0,0,0,0,1,13,19,13,30,6,0,,,,,,,0,,,,,,1,0,,,,,,0,0,0,0,0,0,0,0,,0
54459,2,1,0,1,1,6,1,1,12,19,12,30,6,1,,,,,,,1,,,,,,1,2,,,,,,2,0,0,1,0,0,1,1,2,3
54478,2,1,0,1,1,0,1,1,13,17,13,40,5,1,,,,,,,1,,,,,,1,0,,,,,,3,0,0,0,0,0,5,1,,1
54488,2,1,0,1,1,10,1,1,13,19,13,30,6,1,,,,,,,2,,,,,,1,3,,,,1,1,2,0,0,1,0,0,3,1,,3
54491,2,1,,1,1,6,1,1,14,18,14,50,5,1,,,,,,,1,,,,,,1,2,,,,,,1,0,0,1,0,0,5,1,,0
54493,2,1,0,1,1,0,1,1,12,19,12,30,16,1,,,,,,,2,,,,,,1,0,,,,,,0,0,0,0,0,0,0,0,,0
54497,2,1,0,1,1,11,1,1,14,18,14,30,6,1,,,,,,,1,,,,,,1,1,1,1,1,,,3,0,0,1,0,0,1,1,1,1
54498,2,1,0,1,1,5,1,1,14,19,0,0,7,1,,,,,,,1,,,,,,1,0,,,,,,0,0,0,1,0,0,5,1,,1
54510,2,1,0,1,1,12,1,1,12,18,13,50,8,1,,,,,,,1,,,,,,1,3,,,,4,0,2,0,0,3,0,0,6,1,,1
54513,2,1,0,1,1,9,1,1,13,18,13,50,8,1,,,,,,,1,,,,,,1,1,1,1,1,,,1,0,0,1,1,0,1,0,2,4
54517,2,1,0,1,1,10,1,1,12,18,13,45,8,1,0,5,1,1,1,,1,,,,1,1,1,1,1,1,1,,,2,0,0,1,0,1,5,1,,4
54518,2,1,0,1,1,12,1,1,12,18,13,35,7,1,,,,,,,1,,,,,,1,5,,,,,,2,0,0,1,0,1,5,1,,5
54521,2,1,0,1,1,4,1,1,13,16,13,35,4,1,,,,,,,1,,,,,,1,3,,,,5,1,2,0,0,1,1,1,1,1,1,1
54529,2,1,0,1,1,5,1,1,13,17,13,35,5,4,,,,,,,1,,,,,,1,4,,,,6,1,2,0,0,1,0,0,1,0,1,2
54538,1,1,0,1,1,5,1,1,13,17,13,30,7,1,,,,,,,1,,,,,,1,4,,,,0,0,2,0,0,1,0,0,1,0,2,2
54579,2,1,,1,1,6,1,1,14,11,15,20,10,1,,,,,,,1,,,,,,2,,,,,,,,0,0,0,0,0,0,0,,1
54588,2,1,,1,1,1,1,1,13,0,0,0,11,3,,,,,,,1,,,,,,3,,,,,,,,,,,,,,,,
54603,2,1,,1,1,12,1,1,14,15,14,50,8,1,,,,,,,1,,,,,,1,3,,,,1,0,2,0,0,1,1,1,1,1,1,4
54605,7,1,,1,1,12,1,1,13,217,14,19,12,2,,,,,,,1,,,,,,3,,,,,,,,,,,,,,,,
54608,2,1,,1,1,12,1,1,13,18,13,19,9,1,,,,,,,1,,,,,,1,1,1,1,1,,,2,0,0,1,1,1,1,0,1,2
54609,7,1,0,1,1,12,1,1,14,217,17,221,8,2,,,,,,,2,,,,,,3,,,,,,,,,,,,,,,,
54611,2,1,,1,1,12,1,1,13,19,13,19,7,1,,,,,,,1,,,,,,1,5,,,,,,2,0,0,1,1,1,3,1,,6
54612,2,1,0,1,1,12,1,1,14,15,14,20,9,1,,,,,,,1,,,,,,1,5,,,,,,2,0,0,1,0,0,1,0,2,2
54613,2,1,,1,1,12,1,1,13,17,13,20,7,1,,,,,,,1,,,,,,1,5,,,,,,3,0,0,1,1,1,1,1,1,4
54617,2,1,,1,1,12,1,1,14,19,14,20,7,1,,,,,,,1,,,,,,3,,,,,,,,,,,,,,,,
54619,2,1,0,1,1,12,0,1,7,0,10,0,7,1,,,,,,,1,,,,,,3,,,,,,,,,,,,,,,,
54620,2,1,0,1,1,12,1,1,13,10,13,30,5,5,,,,,,,1,,,,,,1,4,,,,5,1,2,0,0,1,1,1,1,1,2,1
54623,2,1,0,1,1,12,1,1,13,10,14,20,6,1,,,,,,,1,,,,,,1,1,1,0,1,,,2,0,0,1,0,0,1,1,0,0
54625,2,1,0,1,1,12,1,1,14,10,14,19,8,1,,,,,,,1,,,,,,1,5,,,,,,2,0,0,1,0,0,1,1,1,3
54627,2,1,0,1,1,12,1,1,14,19,14,25,8,5,,,,,,,5,,,,,,3,,,,,,,,,,,,,,,,
54633,2,1,,1,1,12,1,1,12,18,12,35,7,1,,,,,,,2,,,,,,3,,,,,,,,,,,,,,,,
54637,2,1,0,1,1,5,1,1,14,10,14,20,9,1,,,,,,,1,,,,,,1,2,,,,,,2,0,0,1,1,1,1,1,2,1
54641,2,1,0,1,1,12,1,1,13,10,13,20,14,0,,,,,,,0,,,,,,0,,,,,,,,,,,,,,,,
54650,2,1,0,1,1,12,1,1,13,18,14,50,8,1,,,,,,,1,,,,,,1,0,,,,,,2,0,0,0,0,0,1,0,2,0
54651,2,1,0,1,1,0,1,1,14,10,14,19,13,1,,,,,,,1,,,,,,3,,,,,,,,,,,,,,,,
54652,2,1,,1,1,0,1,1,7,17,7,19,5,5,,,,,,,2,,,,,,4,,,,,,,,,,,,,,,,
54654,2,1,,1,1,12,1,1,12,17,12,20,7,2,,,,,,,2,,,,,,4,,,,,,,,,,,,,,,,
54656,2,1,,1,1,12,1,1,12,19,12,20,5,1,,,,,,,2,,,,,,1,5,,,,,,2,0,0,1,0,0,7,1,,1
54662,2,1,0,1,1,12,1,1,13,18,0,0,14,2,,,,,,,1,,,,,,3,,,,,,,,,,,,,,,,
54667,7,1,,1,1,12,1,1,14,10,14,19,13,3,,,,,,,1,,,,,,3,,,,,,,,,,,,,,,,
54670,3,1,0,1,1,12,1,1,11,10,11,19,13,3,,,,,,,3,,,,,,3,,,,,,,,,,,,,,,,
54678,2,1,,1,1,0,1,1,11,10,11,19,7,1,,,,,,,1,,,,,,0,,,,,,,,,,,,,,,,
54681,2,1,0,1,1,12,1,1,13,19,13,20,14,1,,,,,,,1,,,,,,2,,,,,,,,0,0,0,0,0,0,0,,0
54683,2,1,0,1,1,0,1,1,5,10,6,19,5,5,,,,,,,1,,,,,,4,,,,,,,,,,,,,,,,
54687,2,1,0,1,1,12,1,1,14,17,14,30,8,1,,,,,,,2,,,,,,1,5,,,,,,2,0,0,1,1,0,1,1,1,1
54692,2,1,0,1,1,0,1,1,12,16,12,19,6,1,,,,,,,1,,,,,,0,,,,,,,,,,,,,,,,
54696,12,1,,1,1,9,1,1,13,10,13,20,8,1,,,,,,,1,,,,,,1,3,,,,1,1,2,0,0,3,1,1,5,1,,3
54697,2,1,,1,1,0,1,1,11,10,12,40,12,2,,,,,,,1,,,,,,1,0,,,,,,0,0,0,2,0,0,0,0,,0
54699,2,1,,1,1,12,1,1,13,18,0,0,5,5,,,,,,,1,,,,,,4,,,,,,,,,,,,,,,,
54700,2,1,,1,1,12,1,1,13,17,13,30,12,5,,,,,,,5,,,,,,1,5,,,,,,2,0,0,3,1,1,1,1,,2
54703,2,1,,1,1,12,1,1,12,18,12,20,6,2,,,,,,,2,,,,,,4,,,,,,,,,,,,,,,,
54706,2,1,,1,1,12,1,1,14,18,14,19,16,1,,,,,,,5,,,,,,3,,,,,,,,,,,,,,,,
54709,2,1,,1,1,12,1,1,13,10,13,25,14,1,,,,,,,2,,,,,,2,,,,,,,,0,0,0,0,0,0,0,,0
55324,2,1,0,1,1,0,1,1,12,18,12,30,6,1,,,,,,,1,,,,,,1,1,1,1,1,,,2,0,0,3,0,0,3,1,,1
55325,2,1,0,1,1,0,1,1,11,11,0,0,6,1,4,6,1,1,1,,1,,,,0,1,1,0,,,,,,2,0,0,3,0,0,5,0,,0
55331,2,1,,1,1,12,1,1,11,17,0,0,5,1,,,,,,,1,,,,,,1,0,,,,,,3,0,0,0,0,0,0,0,,0
55334,2,1,0,1,1,10,1,1,13,16,13,25,6,2,,,,,,,1,,,,,,1,1,1,1,1,,,2,0,0,1,1,0,3,1,,1
55371,2,1,,1,1,12,1,1,13,10,13,19,4,1,,,,,,,1,,,,,,3,,,,,,,,,,,,,,,,
55372,2,1,0,1,1,12,1,1,13,15,13,20,5,1,,,,,,,1,,,,,,3,,,,,,,,,,,,,,,,
55373,2,1,,1,1,12,1,1,11,17,0,0,13,1,,,,,,,2,,,,,,0,,,,,,,,,,,,,,,,
55379,2,1,0,1,1,12,1,1,13,10,14,30,6,5,,,,,,,1,,,,,,1,1,1,1,0,,,2,0,0,1,1,1,1,1,2,3
55380,2,1,0,1,1,12,1,1,12,10,12,19,5,1,,,,,,,2,,,,,,3,,,,,,,,,,,,,,,,
55419,2,1,0,1,1,3,1,1,12,16,12,35,5,2,,,,,,,2,,,,,,1,0,,,,,,2,0,0,1,0,0,4,0,,1
55799,8,1,0,1,1,12,1,1,13,16,13,40,5,1,,,,,,,1,,,,,,1,3,,,,4,1,1,0,0,1,0,0,1,1,1,3
55800,2,1,0,1,1,0,1,1,12,14,12,20,3,1,,,,,,,1,,,,,,1,0,,,,,,2,0,0,1,0,0,1,0,1,1
55801,2,1,0,1,1,3,1,1,12,18,12,35,6,1,,,,,,,1,,,,,,1,4,,,,6,1,2,0,0,1,1,1,1,0,1,2
56276,2,1,0,1,1,12,1,1,16,17,16,19,8,1,,,,,,,1,,,,,,1,1,1,1,1,,,1,0,0,1,0,0,1,1,1,5
57347,8,1,,1,1,12,1,1,14,19,0,0,8,1,,,,,,,1,,,,,,1,3,,,,4,1,1,0,0,1,1,1,1,0,,2
57509,2,1,0,1,1,12,1,1,14,18,14,30,12,1,,,,,,,1,,,,,,1,1,1,1,1,,,2,0,0,3,1,1,1,1,1,7
57616,2,1,,1,1,5,1,1,10,18,10,19,4,1,,,,,,,1,,,,,,1,5,,,,,,2,0,0,1,0,0,1,1,,1
58310,2,1,0,1,1,7,1,1,12,18,12,20,5,1,,,,,,,1,,,,,,1,4,,,,2,0,2,0,0,1,0,0,1,1,1,1
58346,7,0,,1,1,5,1,1,13,11,13,34,5,3,,,,,,,3,,,,,,1,5,,,,,,2,0,0,1,0,0,5,1,,1
58357,2,1,0,1,1,5,1,1,11,10,11,40,2,1,2,2,1,4,1,,1,,,,1,1,2,,,,,,,,0,0,1,0,0,4,0,,1
58395,2,1,0,1,1,10,1,1,12,18,12,30,6,1,,,,,,,1,,,,,,1,1,1,0,1,,,1,0,0,1,0,0,3,1,,2
58413,3,1,0,1,1,12,1,1,12,18,12,30,12,1,,,,,,,1,,,,,,2,,,,,,,,0,0,1,1,1,1,0,,1
58424,2,1,0,1,1,11,1,1,14,18,14,30,6,1,,,,,,,2,,,,,,1,0,,,,,,0,0,0,0,0,0,0,0,,0
58482,2,1,0,1,1,0,1,1,13,17,14,30,6,2,,,,,,,2,,,,,,1,4,,,,1,0,2,0,0,1,0,0,1,0,2,1
58485,2,1,0,1,1,1,1,1,11,10,11,19,4,1,,,,,,,1,,,,,,1,4,,,,5,1,2,0,0,1,0,0,5,1,,2
58489,2,1,0,1,1,11,1,1,11,18,11,30,5,1,,,,,,,1,,,,,,1,2,,,,,,1,0,0,1,1,1,7,1,,1
58511,2,1,0,1,1,1,1,1,12,18,12,30,5,1,,,,,,,1,,,,,,1,1,1,0,1,,,2,0,0,1,0,0,4,1,,1
58513,2,1,0,1,1,0,1,1,11,17,11,30,3,3,,,,,,,1,,,,,,1,4,,,,2,0,2,0,0,1,0,0,6,1,,1
58530,2,1,0,1,1,1,1,1,11,10,11,20,5,1,,,,,,,1,,,,,,1,4,,,,2,0,2,0,0,1,0,0,1,0,1,1
58531,2,1,0,1,1,12,1,1,12,18,12,40,3,1,,,,,,,1,,,,,,1,4,,,,5,1,2,0,0,1,0,0,1,1,2,1
58543,1,1,0,1,1,9,1,1,11,18,11,36,11,1,0,0,0,0,1,,1,,,,1,1,1,3,,,,2,1,2,0,0,2,1,1,5,1,,2
58569,2,1,0,1,1,8,1,1,13,11,13,25,8,1,,,,,,,1,,,,,,3,,,,,,,,,,,,,,,,
58590,2,1,0,1,1,0,1,1,11,15,11,20,0,0,,,,,,,1,,,,,,1,0,,,,,,2,0,0,0,0,0,0,1,,0
58591,1,1,0,1,1,0,0,1,11,10,0,0,10,1,,,,,,,2,,,,,,1,4,,,,5,0,2,0,0,2,1,1,4,1,,1
58595,2,1,0,1,1,5,1,1,17,17,11,20,3,1,,,,,,,1,,,,,,1,3,,,,1,1,2,0,0,1,1,0,5,1,,3
58597,1,1,0,1,1,5,1,1,12,17,12,19,4,1,,,,,,,1,,,,,,1,3,,,,2,1,2,0,0,1,1,0,4,1,,3
58609,2,1,0,1,1,0,1,1,9,17,9,20,5,1,,,,,,,1,,,,,,1,0,,,,,,0,0,0,0,0,0,0,0,,0
58621,2,1,0,1,1,6,1,1,11,15,11,50,4,1,,,,,,,1,,,,,,1,4,,,,2,0,2,0,0,1,0,0,4,1,,2
58626,2,1,0,1,1,4,1,1,12,10,12,19,4,2,,,,,,,1,,,,,,3,,,,,,,,,,,,,,,,
58627,2,1,0,1,1,0,1,1,11,15,11,20,0,2,,,,,,,1,,,,,,1,0,,,,,,0,0,0,0,0,0,0,0,,0
58668,2,1,0,1,1,1,1,1,12,17,12,35,5,2,,,,,,,1,,,,,,1,4,,,,2,0,3,0,0,1,0,0,7,0,,1
58670,4,1,0,1,1,1,1,1,14,19,10,19,5,1,2,2,1,5,1,,3,,,,1,1,3,,,,,,,,,,,,,,,,
58671,2,1,0,1,1,0,1,1,12,19,12,25,5,1,,,,,,,1,,,,,,1,1,1,1,1,,,2,0,0,1,0,0,3,1,,2
58783,2,1,0,1,1,6,1,0,11,19,11,19,7,1,,,,,,,1,,,,,,4,,,,,,,,,,,,,,,,
58795,2,1,0,1,1,6,1,1,14,19,15,30,6,1,,,,,,,1,,,,,,1,3,,,,2,1,2,0,0,1,1,0,4,1,,1
58796,2,1,0,1,1,1,1,1,11,19,11,45,6,1,,,,,,,1,,,,,,4,,,,,,,,,,,,,,,,
58797,2,1,0,1,1,0,1,1,11,15,11,20,4,1,,,,,,,1,,,,,,1,2,,,,,,2,0,0,1,0,0,1,0,1,1
58865,2,1,0,1,1,0,1,1,11,16,0,0,0,0,,,,,,,2,,,,,,1,1,1,1,0,,,3,0,0,1,0,0,1,0,1,2
58871,2,1,0,1,1,0,1,1,11,17,11,30,3,1,,,,,,,1,,,,,,3,,,,,,,,,,,,,,,,
59124,2,1,0,1,1,0,1,0,10,17,10,20,0,5,,,,,,,5,,,,,,4,,,,,,,,,,,,,,,,
59151,2,1,0,1,1,6,1,1,10,18,10,20,5,1,,,,,,,1,,,,,,1,4,,,,4,1,2,0,0,1,0,0,1,0,2,5
59158,2,1,0,1,1,5,1,1,11,16,0,0,4,0,,,,,,,1,,,,,,1,1,1,1,1,,,2,0,0,1,0,1,1,0,1,3
59160,2,1,0,1,1,0,1,1,10,19,11,20,2,0,,,,,,,1,,,,,,1,4,,,,5,0,2,0,0,1,0,0,1,0,1,1
59163,2,1,0,1,1,0,1,0,14,16,0,0,0,0,,,,,,,1,,,,,,1,0,,,,,,0,0,0,0,0,0,5,1,,1
59165,2,1,0,1,1,11,1,1,12,18,12,20,4,1,,,,,,,1,,,,,,1,4,,,,5,1,2,0,0,1,0,0,1,0,2,1
59166,2,1,0,1,1,11,1,1,12,17,12,20,2,1,,,,,,,1,,,,,,3,,,,,,,,,,,,,,,,
59167,2,1,0,1,1,12,1,1,12,17,15,50,3,1,,,,,,,1,,,,,,3,,,,,,,,,,,,,,,,
59168,2,1,0,1,1,0,1,1,9,17,9,22,7,1,,,,,,,1,,,,,,4,,,,,,,,,,,,,,,,
59180,2,1,0,1,1,0,0,1,11,18,11,25,6,1,,,,,,,1,,,,,,1,5,,,,,,2,0,0,0,0,0,0,0,,0
59298,1,1,0,1,1,6,1,0,13,10,14,20,11,0,,,,,,,1,,,,,,4,,,,,,,,,,,,,,,,
59531,2,1,0,1,1,12,1,1,12,19,12,30,5,1,,,,,,,1,,,,,,1,3,,,,1,1,2,0,0,1,1,1,1,0,1,2
59535,2,1,0,1,1,11,1,1,9,18,9,19,3,1,,,,,,,1,,,,,,3,,,,,,,,,,,,,,,,
59536,2,1,0,1,1,0,1,1,13,17,0,0,12,1,,,,,,,1,,,,,,1,0,,,,,,0,0,0,1,1,0,1,0,2,1
59537,2,1,,1,1,5,1,1,12,17,13,30,6,1,,,,,,,1,,,,,,1,3,,,,1,1,2,0,0,1,0,1,4,1,,2
59538,2,1,0,1,1,0,1,1,14,16,14,41,6,2,,,,,,,1,,,,,,1,3,,,,1,1,3,0,0,1,0,0,1,1,2,3
59545,3,1,0,1,1,12,1,1,11,18,11,30,4,2,,,,,,,1,,,,,,1,4,,,,4,1,2,0,0,1,1,1,1,1,1,1
59552,2,1,,1,1,0,1,1,12,16,0,0,4,1,,,,,,,2,,,,,,1,0,,,,,,0,0,0,0,0,0,0,0,,0
59562,2,1,0,1,1,0,0,1,11,10,0,0,4,0,,,,,,,1,,,,,,1,4,,,,0,0,0,0,0,1,0,0,4,0,,0
59563,2,1,0,1,1,12,1,1,10,16,10,20,2,1,,,,,,,1,,,,,,1,4,,,,4,0,1,0,0,1,0,0,4,0,,1
59580,2,1,0,1,1,6,1,1,11,17,11,30,4,1,,,,,,,1,,,,,,1,1,1,1,1,,,2,0,0,1,1,1,1,1,1,3
59595,2,1,,1,1,12,1,1,9,15,0,0,3,0,,,,,,,1,,,,,,1,0,,,,,,2,0,0,1,0,0,5,0,,2
59631,2,1,0,1,1,12,1,1,12,19,12,40,4,1,,,,,,,1,,,,,,1,3,,,,2,1,1,0,0,1,0,0,1,0,1,1
59633,2,1,0,1,1,12,1,1,12,17,12,30,4,1,,,,,,,1,,,,,,1,4,,,,2,1,2,0,0,1,0,0,1,0,1,1
59642,2,1,,1,1,12,1,1,12,19,12,25,3,3,,,,,,,1,,,,,,1,1,1,1,1,,,2,0,0,1,0,0,1,0,,2
59644,2,1,,1,1,4,1,1,11,18,11,35,3,2,,,,,,,1,,,,,,2,,,,,,,,0,0,1,0,0,4,0,,3
59653,2,1,0,1,1,3,1,1,11,10,11,19,2,1,,,,,,,1,,,,,,1,4,,,,4,0,2,0,0,1,0,0,1,0,2,3
59657,2,1,0,1,1,0,1,1,12,17,12,19,4,1,,,,,,,2,,,,,,1,5,,,,,,3,0,0,1,0,0,4,0,,1
59669,2,1,0,1,1,10,1,1,11,16,12,41,3,1,,,,,,,1,,,,,,1,4,,,,4,1,2,0,0,1,0,0,3,1,,1
59678,2,1,0,1,1,4,1,1,12,15,12,40,3,1,,,,,,,1,,,,,,1,3,,,,2,0,2,0,0,1,0,0,1,0,2,2
59681,1,1,,1,1,0,0,1,10,10,0,0,6,1,,,,,,,1,,,,,,3,,,,,,,,,,,,,,,,
59697,2,1,,1,1,0,1,0,11,17,11,40,3,1,,,,,,,1,,,,,,3,,,,,,,,,,,,,,,,
59707,2,1,0,1,1,12,1,1,11,19,0,0,4,2,,,,,,,1,,,,,,1,4,,,,1,1,2,0,0,1,0,0,4,0,,2
59956,2,1,0,1,1,7,1,1,13,18,13,22,5,1,,,,,,,1,,,,,,1,3,,,,2,0,2,0,0,1,0,0,3,0,,1
59969,2,1,0,1,1,10,1,1,12,19,12,36,6,5,,,,,,,1,,,,,,3,,,,,,,,,,,,,,,,
59971,0,0,0,0,0,0,0,0,0,0,0,0,0,0,,,,,,,0,,,,,,1,0,,,,,,0,0,0,1,0,0,1,0,1,3
59996,2,1,0,1,1,6,1,1,13,17,13,25,6,1,,,,,,,1,,,,,,1,3,,,,2,1,2,0,0,1,0,0,3,1,,3
60003,3,1,0,1,1,6,1,1,13,15,13,19,5,1,,,,,,,2,,,,,,3,,,,,,,,,,,,,,,,
60007,3,1,0,1,1,6,1,1,13,15,13,19,5,1,2,2,1,1,1,,1,,,,1,0,1,0,,,,,,0,0,0,1,1,1,3,1,,2
60029,2,1,0,1,1,7,1,1,14,15,14,19,7,1,,,,,,,1,,,,,,1,3,,,,1,0,2,0,0,1,0,0,3,1,,3
60050,2,1,,1,1,6,1,1,15,15,15,25,6,1,,,,,,,2,,,,,,3,,,,,,,,,,,,,,,,
60053,2,1,,1,1,7,1,1,15,11,15,21,6,1,,,,,,,1,,,,,,1,0,,,,,,0,0,0,1,0,0,3,0,,3
60073,1,1,,1,1,0,0,0,13,19,13,30,5,2,,,,,,,2,,,,,,3,,,,,,,,,,,,,,,,
60104,2,1,,1,1,0,0,1,12,17,12,30,4,1,,,,,,,1,,,,,,1,4,,,,4,0,2,0,0,1,0,0,1,0,,3
60114,2,1,0,1,1,0,1,0,13,18,0,0,0,1,,,,,,,1,,,,,,3,,,,,,,,,,,,,,,,
60125,2,1,0,1,1,4,1,1,12,18,13,30,10,1,,,,,,,3,,,,,,2,,,,,,,,0,0,1,1,1,7,1,,1
60126,2,1,0,1,1,0,1,1,12,19,12,25,4,1,,,,,,,2,,,,,,2,,,,,,,,0,0,1,0,0,6,0,,1
60127,2,1,0,1,1,8,1,1,13,11,0,0,10,1,,,,,,,1,,,,,,1,4,,,,0,0,2,0,0,1,0,0,3,0,,1
60140,8,1,0,1,1,7,1,1,15,19,15,19,9,1,,,,,,,1,,,,,,2,,,,,,,,0,0,0,0,0,2,1,,4
60142,8,1,0,1,1,8,1,1,14,10,15,20,8,1,,,,,,,1,,,,,,3,,,,,,,,,,,,,,,,
60216,2,1,0,1,1,12,1,1,12,17,12,30,8,1,,,,,,,1,,,,,,1,4,,,,4,1,1,0,0,1,0,1,1,1,2,1
60218,2,1,0,1,1,11,1,1,12,18,12,26,7,1,,,,,,,0,,,,,,1,4,,,,4,0,3,0,0,4,1,1,5,0,,1
60223,2,1,0,1,1,3,1,1,12,16,12,19,4,3,,,,,,,2,,,,,,3,,,,,,,,,,,,,,,,
60229,2,1,0,1,1,10,1,1,11,18,11,30,6,1,,,,,,,1,,,,,,1,1,1,1,1,,,2,0,0,1,0,0,3,0,,2
60233,1,0,,1,1,0,0,1,11,19,0,0,12,4,,,,,,,5,,,,,,4,,,,,,,,,,,,,,,,
60236,2,1,0,1,1,1,1,1,11,18,11,28,3,2,,,,,,,1,,,,,,4,,,,,,,,,,,,,,,,
60258,2,1,0,1,1,12,1,1,12,17,13,30,13,2,,,,,,,1,,,,,,3,,,,,,,,,,,,,,,,
60264,2,1,,1,1,0,1,0,12,19,12,30,0,1,,,,,,,1,,,,,,3,,,,,,,,,,,,,,,,
60267,2,1,,1,1,12,1,1,13,10,13,19,5,1,,,,,,,1,,,,,,2,,,,,,,,0,0,0,0,0,0,0,,0
60268,2,1,0,1,1,12,1,1,11,8,11,19,14,2,,,,,,,2,,,,,,3,,,,,,,,,,,,,,,,
60271,2,1,0,1,1,12,1,1,12,18,12,28,7,2,,,,,,,3,,,,,,4,,,,,,,,,,,,,,,,
60272,2,1,,1,1,0,1,1,13,17,0,0,14,1,,,,,,,2,,,,,,3,,,,,,,,,,,,,,,,
60273,2,1,,1,1,12,1,1,11,18,12,38,13,3,,,,,,,3,,,,,,1,3,,,,1,1,2,0,0,1,0,0,1,1,,3
60274,2,1,0,1,1,0,1,0,12,10,12,19,16,2,,,,,,,5,,,,,,0,,,,,,,,,,,,,,,,
60276,2,1,,1,1,7,1,1,12,19,12,19,7,4,,,,,,,3,,,,,,3,,,,,,,,,,,,,,,,
60278,2,1,0,1,1,12,1,1,12,18,12,50,14,5,,,,,,,5,,,,,,0,,,,,,,,,,,,,,,,
60279,2,1,,1,1,0,1,1,14,15,14,20,9,1,,,,,,,0,,,,,,0,,,,,,,,,,,,,,,,
60284,2,1,,1,1,0,1,1,13,10,13,19,14,2,,,,,,,0,,,,,,0,,,,,,,,,,,,,,,,
60292,2,1,,1,1,0,1,1,12,18,0,0,14,5,,,,,,,2,,,,,,2,,,,,,,,0,0,0,0,0,0,0,,0
60307,2,1,,1,1,12,1,1,13,10,13,19,7,3,,,,,,,1,,,,,,3,,,,,,,,,,,,,,,,
60318,2,1,,1,1,0,1,1,13,10,7,19,18,5,,,,,,,1,,,,,,1,0,,,,,,2,0,0,1,0,0,3,0,,6
60320,2,1,0,1,1,0,1,1,6,17,6,19,14,2,,,,,,,2,,,,,,3,,,,,,,,,,,,,,,,
60328,2,1,,1,1,12,1,1,11,18,11,700,15,3,,,,,,,1,,,,,,3,,,,,,,,,,,,,,,,
60332,0,0,,0,0,0,0,0,0,0,0,0,0,0,,,,,,,0,,,,,,0,,,,,,,,,,,,,,,,
60340,2,1,,1,1,0,1,0,13,18,13,31,16,1,,,,,,,3,,,,,,4,,,,,,,,,,,,,,,,
60349,2,1,0,1,1,12,1,1,13,18,13,20,12,1,,,,,,,1,,,,,,3,,,,,,,,,,,,,,,,
60361,2,1,0,1,1,0,1,1,12,10,12,19,17,5,,,,,,,5,,,,,,3,,,,,,,,,,,,,,,,
60369,3,1,,1,1,12,1,1,13,18,13,19,5,1,,,,,,,1,,,,,,1,4,,,,2,0,2,0,0,2,1,1,2,1,,6
60371,2,1,,1,1,12,1,1,11,17,0,0,9,0,,,,,,,3,,,,,,0,,,,,,,,,,,,,,,,
60374,1,1,,1,1,12,1,1,14,17,14,20,8,1,,,,,,,1,,,,,,3,,,,,,,,,,,,,,,,
60375,2,1,,1,1,12,1,1,12,218,12,0,4,2,,,,,,,1,,,,,,3,,,,,,,,,,,,,,,,
60381,1,1,0,1,1,12,1,1,14,19,16,20,8,2,,,,,,,2,,,,,,1,0,,,,,,0,0,0,1,1,0,5,1,,1
60384,2,1,0,1,1,12,1,1,12,19,12,20,11,5,,,,,,,3,,,,,,3,,,,,,,,,,,,,,,,
60385,2,1,0,1,1,12,1,1,14,19,14,20,8,1,,,,,,,1,,,,,,4,,,,,,,,,,,,,,,,
60387,2,1,,1,1,0,1,0,13,15,0,0,0,1,,,,,,,0,,,,,,0,,,,,,,,,,,,,,,,
60388,2,1,,1,1,12,0,1,14,219,12,0,2,2,,,,,,,2,,,,,,3,,,,,,,,,,,,,,,,
60391,2,1,0,1,1,12,1,1,12,19,12,24,10,1,,,,,,,1,,,,,,1,1,1,1,1,,,2,0,0,1,1,0,4,1,,1
60392,2,1,0,1,1,12,1,1,11,15,11,22,3,1,,,,,,,1,,,,,,2,,,,,,,,0,0,1,1,1,1,0,,4
60393,2,1,0,1,1,0,1,1,13,17,13,20,0,1,,,,,,,1,,,,,,2,,,,,,,,0,0,2,1,1,5,1,,1
60394,2,1,0,1,1,0,1,1,13,19,16,30,5,3,,,,,,,3,,,,,,3,,,,,,,,,,,,,,,,
60399,2,1,0,1,1,12,1,1,12,17,12,19,3,1,,,,,,,1,,,,,,2,,,,,,,,0,0,1,0,0,1,0,,1
60400,3,1,0,1,1,12,0,1,13,217,0,0,7,2,,,,,,,2,,,,,,2,,,,,,,,0,0,0,0,0,0,0,,0
60408,2,1,0,1,1,12,1,1,13,17,13,30,6,2,,,,,,,1,,,,,,3,,,,,,,,,,,,,,,,
60409,8,1,0,1,1,12,0,1,14,217,3,0,5,1,,,,,,,1,,,,,,3,,,,,,,,,,,,,,,,
60410,2,1,0,1,1,12,1,1,13,17,13,20,4,1,,,,,,,1,,,,,,3,,,,,,,,,,,,,,,,
60414,2,1,0,1,1,12,1,1,12,10,12,30,4,5,,,,,,,1,,,,,,1,4,,,,5,1,2,0,0,1,1,1,1,1,2,1
60416,2,1,0,1,1,12,1,1,6,10,13,20,4,1,4,4,1,1,2,,1,,,,1,0,3,,,,,,,,,,,,,,,,
60417,2,1,0,1,1,12,1,1,12,10,0,0,6,3,,,,,,,1,,,,,,1,5,,,,,,3,0,0,1,0,0,1,0,2,2
60419,2,1,0,1,1,12,1,0,12,19,12,25,7,2,,,,,,,1,,,,,,1,1,1,0,1,,,2,0,0,1,0,0,1,0,1,2
60433,2,1,0,1,1,12,1,1,11,15,11,25,8,1,,,,,,,1,,,,,,1,4,,,,1,1,2,0,0,1,0,0,1,1,1,5
60577,2,1,0,1,1,0,1,0,12,15,11,30,0,1,,,,,,,1,,,,,,0,,,,,,,,,,,,,,,,
60588,2,1,0,1,1,6,1,1,12,19,12,25,5,1,,,,,,,1,,,,,,2,,,,,,,,0,0,1,0,0,0,0,,0
60599,2,1,0,1,1,11,1,1,10,16,10,50,3,1,,,,,,,1,,,,,,3,,,,,,,,,,,,,,,,
60603,2,1,,1,1,0,1,1,12,16,12,25,6,1,,,,,,,1,,,,,,1,3,,,,5,0,1,0,0,2,1,0,7,0,,1
60621,1,1,,1,1,11,1,1,14,19,15,30,0,1,,,,,,,2,,,,,,4,,,,,,,,,,,,,,,,
60633,2,1,0,1,1,0,0,0,15,18,15,19,0,2,,,,,,,2,,,,,,4,,,,,,,,,,,,,,,,
60638,2,1,0,1,1,12,1,0,12,16,12,20,8,1,,,,,,,2,,,,,,3,,,,,,,,,,,,,,,,
60656,2,1,0,1,1,11,1,1,10,17,10,20,2,1,,,,,,,1,,,,,,1,4,,,,5,1,2,0,0,3,0,1,1,0,0,3
60898,2,1,,1,1,11,1,1,14,17,14,30,6,1,0,0,0,0,0,,1,,,,0,0,3,,,,,,,,,,,,,,,,
60906,2,1,,1,1,12,1,1,5,217,0,0,4,1,,,,,,,2,,,,,,1,1,0,0,1,,,2,0,0,2,1,0,5,1,,1
61427,2,1,0,1,1,2,1,1,13,19,0,0,6,0,,,,,,,1,,,,,,1,1,1,1,1,,,2,0,0,3,0,1,1,1,1,3
61467,2,1,0,1,1,6,1,1,12,15,12,19,5,1,,,,,,,1,,,,,,3,,,,,,,,,,,,,,,,
61753,1,1,,1,1,12,1,1,14,18,14,19,8,1,,,,,,,1,,,,,,1,4,,,,4,0,2,0,0,1,0,0,5,0,,5
61790,2,1,0,1,1,1,1,1,10,19,11,40,9,1,,,,,,,1,,,,,,1,1,1,1,1,,,2,0,0,1,0,0,4,1,,1
61876,2,1,0,1,1,0,1,1,13,16,13,20,8,2,,,,,,,1,,,,,,3,,,,,,,,,,,,,,,,
62791,2,1,0,1,1,0,1,1,12,11,12,20,4,1,,,,,,,1,,,,,,0,,,,,,,,,,,,,,,,
62817,2,1,0,1,1,12,1,1,11,18,0,0,3,1,,,,,,,1,,,,,,1,4,,,,4,0,2,0,0,1,0,0,4,0,,4
62855,2,1,0,1,1,12,1,1,11,15,11,20,5,1,,,,,,,1,,,,,,1,4,,,,4,1,2,0,0,1,1,1,1,1,1,3
62864,2,1,,1,1,0,1,1,12,16,0,0,0,3,,,,,,,1,,,,,,1,0,,,,,,0,0,0,0,0,0,0,0,,0
62868,2,1,0,1,1,3,1,0,14,18,0,0,10,2,,,,,,,3,,,,,,3,,,,,,,,,,,,,,,,
63543,2,1,0,1,1,11,1,1,11,16,11,25,5,1,,,,,,,1,,,,,,1,5,,,,,,2,0,0,1,1,0,5,1,,2
63562,2,1,0,1,1,12,1,1,12,17,12,20,5,1,,,,,,,1,,,,,,1,3,,,,1,0,2,0,0,1,0,0,1,0,2,2
63615,2,0,0,1,1,0,1,0,11,17,11,25,0,1,,,,,,,1,,,,,,1,5,,,,,,2,0,0,3,0,0,0,0,,1
63616,2,1,0,1,1,12,1,1,11,17,11,20,3,1,,,,,,,1,,,,,,1,1,0,0,0,,,1,0,0,1,0,0,3,0,,2
63862,2,1,,1,1,12,1,1,10,17,0,0,3,2,,,,,,,1,,,,,,1,5,,,,,,2,0,0,1,0,1,4,0,,3
63919,2,1,0,1,1,0,1,1,11,17,0,0,5,1,,,,,,,1,,,,,,3,,,,,,,,,,,,,,,,
63941,8,1,,1,1,11,1,1,15,14,15,19,15,1,,,,,,,1,,,,,,1,0,,,,,,2,0,0,0,0,0,4,0,,1
63999,2,1,0,1,1,0,1,0,12,17,0,0,0,1,,,,,,,1,,,,,,1,0,,,,,,1,0,0,1,0,0,1,0,2,2
64014,2,1,0,1,1,12,1,1,12,18,12,50,4,1,,,,,,,1,,,,,,1,4,,,,5,1,2,0,0,1,0,0,1,0,2,2
68290,1,1,0,1,1,11,1,1,13,18,13,36,7,1,,,,,,,1,,,,,,1,1,0,0,0,,,0,0,0,1,0,0,1,1,1,3
68296,2,0,0,1,1,11,1,1,12,18,12,36,5,0,0,0,0,0,0,,1,,,,0,0,1,5,,,,,,0,0,0,1,0,0,1,0,1,1
68337,7,1,,1,1,9,1,1,15,17,0,0,6,1,,,,,,,1,,,,,,1,1,0,0,0,,,1,0,0,1,0,0,1,0,1,1
68373,7,1,,1,1,12,1,1,11,18,0,0,5,5,,,,,,,5,,,,,,2,,,,,,,,0,0,1,0,0,4,0,,6
68378,2,1,0,1,1,1,1,1,14,15,14,21,4,1,,,,,,,1,,,,,,2,,,,,,,,0,0,0,0,0,0,0,,0
68383,2,1,,1,1,1,1,1,12,16,12,0,13,1,,,,,,,1,,,,,,1,0,,,,,,1,0,0,0,0,0,5,0,,1
68385,2,1,0,1,1,7,1,1,12,10,13,19,7,1,,,,,,,3,,,,,,3,,,,,,,,,,,,,,,,
69822,2,1,0,1,1,11,1,1,12,18,12,30,8,0,,,,,,,1,,,,,,1,4,,,,6,1,3,0,0,1,1,0,5,1,,4
69823,2,1,,1,1,11,1,1,11,18,11,28,3,1,,,,,,,1,,,,,,3,,,,,,,,,,,,,,,,
69824,2,1,,1,1,12,1,1,11,18,11,30,8,1,,,,,,,1,,,,,,1,1,1,1,1,,,2,0,0,1,0,0,5,1,,6
69834,2,1,0,1,1,12,1,1,11,10,11,30,10,5,,,,,,,1,,,,,,1,4,,,,4,1,2,0,0,1,1,1,1,1,2,3
69840,7,1,0,1,1,12,1,1,12,10,12,19,17,1,,,,,,,1,,,,,,3,,,,,,,,,,,,,,,,
69848,2,1,0,1,1,5,1,1,13,10,13,22,8,1,,,,,,,1,,,,,,1,3,,,,3,1,2,0,0,1,1,1,1,0,1,1
69850,2,1,0,1,1,12,0,1,7,218,7,0,4,1,,,,,,,1,,,,,,3,,,,,,,,,,,,,,,,
69968,2,1,0,1,1,12,1,1,12,17,12,20,6,1,,,,,,,1,,,,,,0,,,,,,,,,,,,,,,,
69985,2,1,,1,1,0,1,1,10,17,0,0,10,1,,,,,,,0,,,,,,2,,,,,,,,0,0,0,0,0,0,0,,0
69995,2,1,,1,1,6,1,1,10,18,10,25,5,1,,,,,,,1,,,,,,1,5,,,,,,2,0,0,1,0,0,4,0,,2
69999,2,1,0,1,1,10,1,1,11,18,11,30,4,1,,,,,,,3,,,,,,1,4,,,,0,0,2,0,0,1,0,0,4,0,,1
70005,2,0,0,1,1,0,1,1,11,19,11,20,8,2,,,,,,,2,,,,,,4,,,,,,,,,,,,,,,,
70017,2,1,,1,1,0,1,1,13,17,13,20,8,1,,,,,,,1,,,,,,1,5,,,,,,2,0,0,1,0,0,3,0,,5
73240,1,1,0,1,1,0,1,0,13,15,0,0,0,1,,,,,,,0,,,,,,0,,,,,,,,,,,,,,,,
73252,1,1,0,1,1,2,1,1,13,17,13,27,6,1,,,,,,,1,,,,,,3,,,,,,,,,,,,,,,,
73293,2,1,,1,1,0,1,1,7,10,7,20,2,0,,,,,,,5,,,,,,0,,,,,,,,,,,,,,,,
73295,2,1,0,1,1,4,1,1,11,10,11,20,5,3,,,,,,,3,,,,,,1,3,,,,2,1,2,0,0,1,0,0,6,1,,1
73301,2,1,,1,1,4,1,1,10,17,10,22,2,2,,,,,,,1,,,,,,3,,,,,,,,,,,,,,,,
73302,2,1,,1,1,12,1,1,9,18,9,19,3,2,,,,,,,3,,,,,,4,,,,,,,,,,,,,,,,
73365,2,1,0,1,1,12,1,1,10,17,0,0,5,1,,,,,,,1,,,,,,1,4,,,,0,0,2,0,0,1,0,0,4,0,,4
73413,2,1,0,1,1,12,1,1,14,18,14,20,5,1,,,,,,,1,,,,,,1,2,,,,,,1,0,0,3,1,1,3,1,,2
73530,2,1,0,1,1,3,1,1,11,10,11,20,4,3,,,,,,,1,,,,,,1,1,1,1,1,,,2,0,0,1,0,0,6,1,,1
73637,1,1,0,1,1,12,1,1,13,16,13,20,9,3,0,0,0,0,1,,1,,,,0,0,1,2,,,,,,2,0,0,1,0,0,1,0,1,3
73645,2,1,0,1,1,6,1,1,13,16,0,0,7,1,0,0,0,0,0,,1,,,,0,0,1,1,1,1,1,,,2,0,0,1,0,0,1,0,1,3
73648,2,1,0,1,1,12,1,1,9,10,9,30,7,5,,,,,,,1,,,,,,1,4,,,,4,1,2,0,0,1,1,1,1,1,2,1
73650,2,1,0,1,1,12,1,1,10,10,0,0,6,0,,,,,,,1,,,,,,1,5,,,,,,0,0,0,1,0,0,1,0,2,2
73652,2,1,0,1,1,12,1,1,8,10,8,30,5,5,,,,,,,1,,,,,,1,4,,,,4,1,2,0,0,1,1,1,1,1,2,3
73663,2,1,0,1,1,12,1,1,9,14,9,30,6,5,,,,,,,1,,,,,,1,4,,,,4,1,2,0,0,1,1,1,1,1,2,1
73665,2,1,0,1,1,12,1,1,8,10,9,30,6,2,,,,,,,1,,,,,,1,4,,,,0,1,2,0,0,1,1,1,1,1,2,3
73666,8,1,0,1,1,1,1,1,15,17,0,0,9,1,,,,,,,1,,,,,,1,4,,,,5,0,2,0,0,1,1,1,4,0,,3
73668,2,1,0,1,1,12,1,1,9,10,10,30,7,5,,,,,,,1,,,,,,1,1,1,1,0,,,2,0,0,1,1,1,1,1,2,3
73671,2,1,0,1,1,12,1,1,13,10,13,30,6,5,,,,,,,1,,,,,,1,4,,,,4,1,2,0,0,1,1,1,1,1,2,1
73676,2,1,0,1,1,0,1,1,13,16,0,0,8,1,4,4,1,1,2,,1,,,,0,1,3,,,,,,,,,,,,,,,,
73678,2,1,0,1,1,0,0,1,9,10,0,0,6,0,,,,,,,1,,,,,,1,5,,,,,,0,0,0,1,0,0,1,0,2,3
73679,2,1,0,1,1,12,1,1,9,14,0,0,4,0,,,,,,,1,,,,,,1,5,,,,,,0,0,0,1,0,0,1,0,2,2
73680,2,1,0,1,1,12,1,1,10,10,0,0,5,0,,,,,,,1,,,,,,1,4,,,,0,0,0,0,0,1,0,0,1,0,2,2
73684,2,1,0,1,1,0,0,1,10,10,0,0,9,0,,,,,,,5,,,,,,1,4,,,,4,1,2,0,0,1,1,1,1,1,2,1
73686,2,1,0,1,1,12,1,1,7,10,0,0,5,3,,,,,,,1,,,,,,1,5,,,,,,0,0,0,1,0,0,1,0,2,3
73690,2,1,0,1,1,12,1,1,10,10,10,30,5,5,,,,,,,1,,,,,,1,4,,,,4,1,2,0,0,1,1,1,1,1,2,1
73693,2,1,0,1,1,12,1,1,13,10,0,0,10,5,,,,,,,1,,,,,,1,5,,,,,,0,0,0,1,0,0,1,0,2,3
73694,2,1,0,1,1,12,1,1,11,14,11,30,9,5,,,,,,,1,,,,,,1,4,,,,4,1,2,0,0,1,1,1,1,1,2,2
73695,2,1,0,1,1,0,0,1,7,10,0,0,3,0,,,,,,,1,,,,,,1,1,1,1,0,,,0,0,0,1,0,0,1,0,2,2
73701,2,1,0,1,1,12,1,1,8,10,0,0,5,0,,,,,,,1,,,,,,1,4,,,,4,1,2,0,0,1,1,1,1,1,2,3
73706,2,1,0,1,1,12,1,1,12,17,12,20,4,3,,,,,,,1,,,,,,1,4,,,,2,0,2,0,0,1,0,0,0,0,,1
73707,2,1,0,1,1,12,1,1,10,10,10,30,7,5,,,,,,,1,,,,,,1,4,,,,5,1,2,0,0,1,1,1,1,1,2,3
73709,2,1,0,1,1,12,1,1,8,10,0,0,6,0,,,,,,,5,,,,,,1,4,,,,4,1,2,0,0,1,1,1,1,1,2,3
73712,2,1,0,1,1,12,1,1,9,10,9,30,7,5,,,,,,,1,,,,,,1,4,,,,4,1,2,0,0,1,1,1,1,1,2,1
73713,2,1,0,1,1,8,1,1,13,10,0,0,5,0,,,,,,,1,,,,,,1,4,,,,4,1,2,0,0,1,1,1,1,1,2,2
73715,2,1,0,1,1,7,1,1,10,10,0,0,5,0,,,,,,,1,,,,,,1,4,,,,0,0,0,0,0,1,0,0,1,0,2,3
73722,2,1,0,1,1,11,1,1,12,16,0,0,7,5,,,,,,,1,,,,,,1,5,,,,,,2,0,0,1,0,0,1,0,1,3
73724,2,1,0,1,1,12,1,1,9,14,9,30,6,5,,,,,,,1,,,,,,1,4,,,,4,1,2,0,0,1,1,0,1,0,2,3
73725,2,1,0,1,1,12,1,1,10,10,0,0,9,0,,,,,,,1,,,,,,1,5,,,,,,0,0,0,1,0,0,1,0,2,2
73732,2,1,0,1,1,12,1,1,9,10,10,30,5,5,,,,,,,1,,,,,,1,4,,,,4,1,2,0,0,1,1,1,1,1,2,2
73736,2,1,0,1,1,11,1,1,11,10,0,0,5,0,,,,,,,1,,,,,,1,5,,,,,,0,0,0,1,0,0,1,0,2,3
73738,2,1,0,1,1,12,1,1,12,18,12,30,4,1,,,,,,,1,,,,,,1,3,,,,0,0,0,0,0,1,0,0,1,0,1,3
73746,2,1,,1,1,2,1,1,13,16,13,19,11,4,,,,,,,1,,,,,,1,4,,,,4,0,1,0,0,1,0,0,3,0,,1
73749,2,1,0,1,1,4,1,1,15,11,15,20,6,1,,,,,,,1,,,,,,1,4,,,,5,0,2,0,0,1,1,1,1,1,1,1
73750,2,1,,1,1,2,1,1,13,17,13,19,6,1,,,,,,,5,,,,,,1,5,,,,,,2,0,0,1,1,1,1,1,1,3
73752,2,1,,1,1,3,1,1,13,17,13,23,6,1,,,,,,,1,,,,,,1,0,,,,,,0,0,0,2,1,0,3,0,,1
73754,2,1,0,1,1,3,1,1,11,11,0,0,3,5,,,,,,,5,,,,,,1,5,,,,,,3,0,0,1,0,1,1,1,0,1
73759,2,1,0,1,1,11,1,1,14,17,14,23,6,1,,,,,,,1,,,,,,2,,,,,,,,0,0,3,0,0,3,0,,1
73762,2,0,,1,1,9,1,1,14,18,14,20,5,1,,,,,,,1,,,,,,1,0,,,,,,1,0,0,3,1,1,3,1,,3
73763,2,1,0,1,1,6,1,1,12,15,13,50,7,1,5,5,1,1,3,,1,,,,0,0,1,2,,,,,,2,0,0,1,0,1,3,0,,1
73787,2,1,0,1,1,12,0,1,10,21,0,0,11,0,,,,,,,1,,,,,,1,5,,,,,,0,0,0,0,0,0,1,0,2,1
73788,2,1,0,1,1,12,1,1,10,10,10,30,7,5,,,,,,,1,,,,,,1,4,,,,4,1,2,0,0,1,1,1,1,1,2,3
73789,2,1,0,1,1,12,1,1,12,10,0,0,12,0,,,,,,,1,,,,,,1,4,,,,4,1,2,0,0,1,1,1,1,1,2,1
73801,2,1,0,1,1,12,1,1,10,16,0,0,5,0,,,,,,,1,,,,,,1,1,1,1,0,,,0,0,0,1,0,0,1,0,2,3
73802,2,1,0,1,1,12,1,1,10,10,0,0,5,5,,,,,,,1,,,,,,1,4,,,,4,1,2,0,0,1,1,1,1,1,2,1
73803,2,1,0,1,1,12,1,1,8,10,0,0,6,0,,,,,,,1,,,,,,1,0,,,,,,0,0,0,1,0,0,1,0,2,1
73806,6,1,0,1,1,12,1,1,8,10,0,0,6,3,,,,,,,1,,,,,,1,5,,,,,,0,0,0,1,0,0,1,0,2,3
73879,2,1,0,1,1,0,1,1,12,19,12,45,6,2,,,,,,,1,,,,,,1,4,,,,5,0,2,0,0,1,1,0,1,0,1,1
74309,2,1,,1,1,5,1,1,12,18,13,30,4,1,,,,,,,1,,,,,,1,2,,,,,,2,0,0,1,0,0,3,0,,1
74386,2,1,,1,1,10,1,1,12,11,13,19,3,1,,,,,,,3,,,,,,4,,,,,,,,,,,,,,,,
74401,2,1,,1,1,12,1,1,12,17,12,20,4,1,5,5,1,4,3,,1,,,,1,1,1,4,,,,5,1,2,0,0,1,1,1,5,1,,5
74414,8,1,,1,1,1,1,1,13,16,13,30,8,1,,,,,,,1,,,,,,1,4,,,,4,1,2,0,0,1,0,0,1,1,,4
74418,2,1,,1,1,0,1,1,9,16,9,21,3,5,,,,,,,1,,,,,,1,5,,,,,,2,0,0,1,0,0,1,0,,2
74423,2,1,0,1,1,0,1,1,11,18,0,0,2,1,1,0,0,0,1,,1,,,,1,1,2,,,,,,,,0,0,1,0,0,0,1,,1
74427,3,1,0,1,1,11,1,1,11,16,0,0,4,1,,,,,,,1,,,,,,1,4,,,,2,0,2,0,0,1,0,0,1,0,1,1
74428,1,1,0,1,1,0,1,1,10,17,0,0,2,1,0,0,1,0,0,,1,,,,1,1,2,,,,,,,,0,0,1,0,0,7,1,,0
74453,1,1,0,1,1,1,1,1,11,19,11,50,4,2,,,,,,,1,,,,,,1,4,,,,2,1,2,0,0,1,0,0,1,1,2,3
74466,2,1,,1,1,0,1,1,9,10,9,20,3,2,,,,,,,2,,,,,,4,,,,,,,,,,,,,,,,
74488,2,1,0,1,1,1,1,1,11,19,0,0,4,2,,,,,,,1,,,,,,3,,,,,,,,,,,,,,,,
74508,2,1,,1,1,0,1,1,11,17,0,0,0,1,,,,,,,1,,,,,,1,5,,,,,,2,0,0,2,1,0,0,0,,1
74531,8,1,0,1,1,12,1,1,12,18,12,25,9,2,,,,,,,3,,,,,,0,,,,,,,,,,,,,,,,
74534,8,1,,1,1,1,1,1,14,18,14,20,8,1,,,,,,,1,,,,,,1,4,,,,4,0,0,0,0,1,0,0,1,1,,4
74558,1,1,,1,1,12,1,1,11,17,11,20,9,1,,,,,,,1,,,,,,1,4,,,,6,1,2,0,0,3,0,1,7,1,,1
74560,2,1,0,1,1,11,1,1,9,18,9,19,3,1,,,,,,,2,,,,,,1,1,1,1,1,,,2,0,0,1,0,0,4,0,,2
74563,2,1,,1,1,1,1,1,8,10,0,0,5,3,,,,,,,1,,,,,,4,,,,,,,,,,,,,,,,
74573,2,1,,1,1,0,1,1,10,19,10,32,3,1,,,,,,,1,,,,,,4,,,,,,,,,,,,,,,,
74575,8,1,,1,1,4,1,1,14,18,14,20,9,1,,,,,,,1,,,,,,0,,,,,,,,,,,,,,,,
74594,2,1,0,1,1,3,1,1,12,18,12,25,4,3,,,,,,,1,,,,,,1,4,,,,1,1,2,0,0,1,1,1,1,1,2,1
74631,2,1,0,1,1,0,1,1,16,16,16,25,7,2,,,,,,,1,,,,,,2,,,,,,,,0,0,3,0,0,2,0,,0
74673,2,1,,1,1,3,1,1,16,18,16,20,10,1,,,,,,,1,,,,,,1,4,,,,4,0,2,0,0,1,1,0,3,0,,3
74677,2,1,0,1,1,6,1,1,13,12,14,25,6,2,,,,,,,2,,,,,,3,,,,,,,,,,,,,,,,
74678,2,1,0,1,1,6,1,0,13,18,0,0,19,1,,,,,,,1,,,,,,3,,,,,,,,,,,,,,,,
74680,2,1,0,1,1,0,1,1,0,0,0,0,10,1,,,,,,,2,,,,,,2,,,,,,,,0,0,0,0,0,0,0,,0
826167,2,1,0,1,1,9,1,1,10,15,0,0,13,1,,,,,,,2,,,,,,3,,,,,,,,,,,,,,,,
826182,2,1,0,1,1,9,1,1,14,10,14,30,6,1,,,,,,,1,,,,,,3,,,,,,,,,,,,,,,,
826207,10,1,0,1,1,8,1,1,13,15,14,21,9,1,,,,,,,2,,,,,,1,1,1,1,1,,,2,0,0,1,1,1,3,0,,3
826208,10,0,,1,1,9,1,1,13,15,13,20,10,1,,,,,,,1,,,,,,0,,,,,,,,,,,,,,,,
826209,11,1,0,1,1,0,0,1,14,15,14,30,9,1,,,,,,,1,,,,,,1,0,,,,,,0,0,0,1,0,0,3,0,,2
826210,2,1,,1,1,5,1,1,12,10,13,30,10,2,,,,,,,1,,,,,,3,,,,,,,,,,,,,,,,
826212,12,1,,1,1,11,1,1,13,10,0,0,9,1,,,,,,,2,,,,,,4,,,,,,,,,,,,,,,,
826236,2,1,0,1,1,0,1,1,11,15,11,19,6,4,,,,,,,1,,,,,,4,,,,,,,,,,,,,,,,
826237,2,1,,1,1,12,1,1,12,17,12,20,5,1,,,,,,,3,,,,,,1,1,1,1,1,,,2,0,0,1,0,0,1,1,,1
826239,2,1,0,1,1,12,1,1,11,17,11,19,8,1,,,,,,,1,,,,,,2,,,,,,,,0,0,0,0,0,0,0,,0
826380,2,1,,1,1,2,1,1,12,15,0,0,9,1,,,,,,,2,,,,,,4,,,,,,,,,,,,,,,,
826396,2,1,0,1,1,0,1,1,13,16,13,20,6,1,,,,,,,1,,,,,,1,1,1,1,1,,,2,0,0,1,0,0,3,1,,1
826407,2,1,,1,1,9,1,1,10,11,10,22,7,1,,,,,,,1,,,,,,0,,,,,,,,,,,,,,,,
826429,2,1,,1,1,10,1,1,12,11,0,0,6,3,,,,,,,1,,,,,,0,,,,,,,,,,,,,,,,
827048,2,1,,1,1,0,0,1,15,18,0,0,9,0,0,0,0,0,0,0,0,0,0,0,,0,1,5,,,,,,2,0,0,1,0,0,5,0,,2
831152,2,1,,1,1,12,1,1,11,17,11,20,7,4,,,,,,,3,,,,,,3,,,,,,,,,,,,,,,,
831230,2,1,,1,1,5,1,1,12,14,0,20,4,2,,,,,,,2,,,,,,2,,,,,,,,0,0,0,0,0,0,0,,0
831433,9,1,,1,1,0,1,1,8,10,9,20,6,1,,,,,,,1,,,,,,0,,,,,,,,,,,,,,,,
831616,2,1,,1,1,0,0,1,11,17,12,19,4,2,,,,,,,1,,,,,,1,1,0,0,0,,,3,0,0,0,0,0,0,0,,0
831617,2,1,0,1,1,11,1,1,14,13,14,28,12,1,,,,,,,1,,,,,,1,2,,,,,,2,0,0,1,0,0,7,0,,1
831618,2,1,0,1,1,0,1,1,14,17,15,35,5,1,,,,,,,1,,,,,,2,,,,,,,,0,0,1,1,0,3,1,,3
831620,2,1,0,1,1,10,1,1,14,18,14,30,19,1,,,,,,,1,,,,,,2,,,,,,,,0,0,1,0,0,1,0,,4
831674,2,1,,1,1,10,1,1,11,11,0,0,6,5,,,,,,,1,,,,,,0,,,,,,,,,,,,,,,,
831823,2,1,,1,1,0,1,1,10,17,0,0,6,1,,,,,,,1,,,,,,4,,,,,,,,,,,,,,,,
831926,2,1,,1,1,11,1,1,12,19,0,0,3,2,,,,,,,1,,,,,,4,,,,,,,,,,,,,,,,
831999,11,1,0,1,1,5,0,1,5,219,0,0,4,1,,,,,,,1,,,,,,1,3,,,,1,1,2,0,0,1,1,1,5,1,,6
832000,7,1,0,1,1,5,0,1,4,211,2,0,5,1,,,,,,,1,,,,,,1,5,,,,,,2,0,0,1,0,0,1,0,0,3
832078,2,1,,1,1,0,1,1,12,15,0,0,6,2,,,,,,,1,,,,,,3,,,,,,,,,,,,,,,,
832097,2,1,,1,1,10,1,1,11,18,11,21,6,2,,,,,,,1,,,,,,3,,,,,,,,,,,,,,,,
832274,2,1,,1,1,0,1,1,11,11,0,0,8,0,,,,,,,0,,,,,,0,,,,,,,,,,,,,,,,
832610,8,1,0,1,1,12,1,1,12,17,12,20,7,1,,,,,,,1,,,,,,2,,,,,,,,0,0,1,1,1,1,1,,3
832838,2,1,0,1,1,4,1,1,9,18,8,19,11,2,0,0,0,0,0,,1,,,,0,0,1,4,,,,0,0,0,0,0,1,0,0,1,0,1,3
832909,2,1,0,1,1,7,1,1,10,17,0,0,14,3,,,,,,,1,,,,,,1,5,,,,,,2,0,0,3,1,1,3,0,,1
833379,2,1,0,1,1,12,1,1,11,17,11,20,9,2,,,,,,,1,,,,,,3,,,,,,,,,,,,,,,,
834058,2,1,,1,1,12,1,1,16,17,16,20,8,1,,,,,,,1,,,,,,1,2,,,,,,2,0,0,2,0,0,7,0,,1
834083,2,1,0,1,1,0,0,1,12,15,12,25,5,1,0,0,0,0,0,,1,,,,0,0,1,2,,,,,,2,0,0,1,0,0,4,1,,1
834120,2,1,,1,1,9,1,1,13,17,0,0,6,3,,,,,,,3,,,,,,3,,,,,,,,,,,,,,,,
834153,2,1,,1,1,12,1,1,12,16,12,20,14,1,6,4,1,1,1,,1,,,,1,0,3,,,,,,,,,,,,,,,,
834161,8,1,,1,1,12,1,1,12,17,12,19,6,1,,,,,,,1,,,,,,1,4,,,,5,0,2,0,0,1,0,0,5,0,,1
834163,2,1,0,1,1,2,1,1,9,19,0,0,4,1,,,,,,,1,,,,,,1,1,1,1,1,,,0,0,0,1,0,0,2,1,,7
834167,2,1,,1,1,10,1,1,14,11,14,31,5,2,,,,,,,1,,,,,,2,,,,,,,,0,0,1,0,0,4,1,,1
834202,2,1,0,1,1,8,1,1,13,16,13,21,8,1,6,6,1,5,1,,1,,,,0,1,4,,,,,,,,,,,,,,,,
834219,2,1,0,1,1,12,1,1,13,14,14,30,7,5,,,,,,,1,,,,,,1,4,,,,4,1,2,0,0,1,1,1,1,1,2,3
834226,2,1,0,1,1,12,1,1,11,14,11,30,4,0,,,,,,,1,,,,,,1,4,,,,4,1,2,0,0,1,1,0,1,0,2,3
834229,2,1,0,1,1,12,1,1,11,10,0,0,8,0,,,,,,,1,,,,,,1,4,,,,4,1,2,0,0,1,1,1,1,1,2,1
834238,2,1,0,1,1,12,1,1,9,10,0,0,6,0,,,,,,,1,,,,,,1,5,,,,,,0,0,0,1,0,0,1,0,2,1
834246,2,1,,1,1,5,1,1,10,13,10,30,5,1,,,,,,,1,,,,,,1,4,,,,0,0,2,0,0,1,0,0,1,1,,2
834251,2,1,0,1,1,12,1,1,8,14,0,0,11,0,,,,,,,0,,,,,,1,0,,,,,,0,0,0,1,0,0,1,0,2,1
834255,2,1,0,1,1,12,1,1,13,10,0,0,7,0,,,,,,,1,,,,,,1,4,,,,4,1,2,0,0,1,1,1,1,1,2,2
834258,2,1,0,1,1,12,1,1,9,14,9,30,6,2,,,,,,,1,,,,,,1,4,,,,5,1,2,0,0,1,1,1,1,1,2,2
834259,2,1,0,1,1,12,1,1,11,10,0,0,8,0,,,,,,,1,,,,,,1,4,,,,0,0,0,0,0,1,0,0,1,0,2,1
834260,2,1,0,1,1,12,1,1,12,10,12,30,9,5,,,,,,,1,,,,,,1,4,,,,4,1,2,0,0,1,1,1,1,1,2,2
834261,4,1,,1,1,10,1,1,14,10,14,25,14,1,,,,,,,2,,,,,,1,0,,,,,,0,0,0,1,0,0,5,0,,0
834277,2,1,0,1,1,12,1,1,11,14,11,30,10,5,,,,,,,1,,,,,,1,4,,,,4,1,2,0,0,1,1,1,1,1,2,3
834278,2,1,0,1,1,12,1,1,13,14,13,30,6,5,,,,,,,1,,,,,,1,4,,,,4,1,2,0,0,1,1,1,1,1,2,2
834280,2,1,0,1,1,12,1,1,11,14,11,30,5,5,,,,,,,1,,,,,,1,4,,,,4,1,2,0,0,1,1,1,1,1,2,3
834287,2,1,0,1,1,12,1,1,10,18,12,50,8,1,,,,,,,1,,,,,,1,2,,,,,,2,0,0,1,0,0,1,1,2,3
834289,2,1,0,1,1,12,1,1,10,14,10,30,9,5,,,,,,,1,,,,,,1,4,,,,5,1,2,0,0,1,1,1,1,1,2,2
834300,2,1,,1,1,12,1,1,14,0,0,0,5,2,,,,,,,1,,,,,,3,,,,,,,,,,,,,,,,
834301,2,1,0,1,1,12,1,1,11,14,11,30,7,5,,,,,,,1,,,,,,1,4,,,,4,1,2,0,0,1,1,1,1,1,2,1
834313,2,1,0,1,1,12,0,1,9,13,9,20,4,1,,,,,,,1,,,,,,2,,,,,,,,0,0,1,1,1,1,1,,2
834323,2,1,,1,1,8,1,1,10,19,12,20,3,1,,,,,,,1,,,,,,1,1,1,1,1,,,0,0,0,1,0,0,3,0,,1
834347,2,1,0,1,1,12,1,1,14,19,14,20,7,1,,,,,,,1,,,,,,1,1,1,1,1,,,2,0,0,1,0,0,1,0,2,1
834362,2,1,,1,1,9,1,1,11,18,11,30,6,1,,,,,,,1,,,,,,1,1,1,1,1,,,2,0,0,1,1,1,5,1,,1
834370,2,1,0,1,1,1,1,1,10,19,0,0,3,3,,,,,,,2,,,,,,2,,,,,,,,0,0,0,1,0,5,0,,0
834374,2,1,,1,1,6,1,1,13,15,13,19,6,1,,,,,,,1,,,,,,1,1,0,0,1,,,2,0,0,1,1,1,3,0,,2
834403,2,1,0,1,1,12,1,1,11,14,11,30,5,5,,,,,,,1,,,,,,1,4,,,,5,1,2,0,0,1,1,1,1,1,2,1
834405,2,1,0,1,1,12,1,1,9,10,9,30,5,5,,,,,,,1,,,,,,1,4,,,,4,1,2,0,0,1,1,1,1,1,2,2
834406,2,1,0,1,1,9,1,1,14,15,0,0,5,1,,,,,,,2,,,,,,1,0,,,,,,0,0,0,1,0,0,3,0,,4
834413,2,1,,1,1,12,1,1,8,13,9,21,2,1,,,,,,,1,,,,,,3,,,,,,,,,,,,,,,,
838939,1,1,,1,1,3,1,1,15,16,15,30,9,0,,,,,,,0,,,,,,1,3,,,,5,1,2,0,0,1,0,0,1,0,1,2
839648,2,1,0,1,1,7,1,1,10,10,10,19,7,4,,,,,,,2,,,,,,4,,,,,,,,,,,,,,,,
839650,2,1,,1,1,10,1,1,8,15,8,19,12,1,,,,,,,1,,,,,,3,,,,,,,,,,,,,,,,
839665,2,1,,1,1,10,1,1,14,15,14,40,7,1,,,,,,,1,,,,,,1,3,,,,5,1,2,0,0,3,1,1,6,1,,4
839666,2,1,,1,1,1,1,1,13,19,13,20,6,1,,,,,,,1,,,,,,1,2,,,,,,2,0,0,1,0,0,1,1,1,2
839667,2,1,,1,1,1,1,1,10,19,10,20,6,1,,,,,,,1,,,,,,1,4,,,,6,1,2,0,0,1,0,0,1,1,0,3
839668,2,1,,1,1,1,1,1,10,19,10,20,5,1,,,,,,,1,,,,,,1,3,,,,6,1,2,0,0,1,1,1,1,1,1,2
839669,2,1,,1,1,1,1,1,11,19,11,20,6,1,,,,,,,1,,,,,,1,1,0,0,0,,,3,0,0,1,0,0,1,1,1,3
839670,2,1,,1,1,1,1,1,12,2,12,19,4,1,,,,,,,1,,,,,,3,,,,,,,,,,,,,,,,
839673,2,1,0,1,1,12,0,1,12,219,12,0,2,1,,,,,,,2,,,,,,2,,,,,,,,0,0,1,1,1,1,1,,1
839931,2,1,,1,1,7,1,1,12,18,12,30,6,1,,,,,,,1,,,,,,1,1,1,1,1,,,0,0,0,1,0,0,7,1,,1
839954,2,1,,1,1,12,1,1,13,18,13,30,5,3,,,,,,,3,,,,,,1,1,1,1,1,,,0,0,0,1,0,0,7,1,,1
839963,12,1,0,1,1,12,1,1,7,10,0,0,3,3,,,,,,,1,,,,,,1,5,,,,,,3,0,0,1,0,0,1,0,0,3
839964,2,1,0,1,1,12,0,1,10,21,0,0,8,0,,,,,,,1,,,,,,1,5,,,,,,3,0,0,1,0,0,1,0,2,2
839965,2,1,0,1,1,12,1,1,11,10,0,0,8,1,,,,,,,1,,,,,,1,4,,,,4,1,2,0,0,1,1,1,1,1,2,3
839966,3,1,0,1,1,12,0,1,4,21,0,0,3,0,,,,,,,1,,,,,,1,4,,,,4,1,2,0,0,1,1,1,1,1,2,3
839967,2,1,0,1,1,12,1,1,11,10,11,30,11,5,,,,,,,1,,,,,,1,4,,,,4,1,2,0,0,1,1,1,1,1,2,3
839970,2,1,0,1,1,12,1,1,11,16,11,30,4,5,,,,,,,1,,,,,,1,4,,,,4,1,2,0,0,1,1,1,1,1,2,2
839971,2,1,0,1,1,12,1,1,12,10,0,0,7,1,,,,,,,1,,,,,,1,5,,,,,,3,0,0,0,0,0,1,0,2,1
839972,2,1,0,1,1,12,1,1,9,10,0,0,6,5,,,,,,,1,,,,,,1,5,,,,,,3,0,0,1,0,0,1,0,0,3
839980,2,1,0,1,1,12,1,1,11,19,11,25,7,1,,,,,,,1,,,,,,1,5,,,,,,0,0,0,1,1,1,1,1,2,1
839982,2,1,,1,1,12,1,1,13,10,13,25,7,1,,,,,,,1,,,,,,2,,,,,,,,0,0,2,1,1,5,1,,1
840018,2,1,0,1,1,1,1,1,14,17,14,21,5,2,,,,,,,2,,,,,,3,,,,,,,,,,,,,,,,
840024,1,1,,0,1,0,0,1,12,19,13,25,9,1,,,,,,,1,,,,,,3,,,,,,,,,,,,,,,,
840030,2,1,0,1,1,12,1,1,12,16,12,30,7,5,,,,,,,1,,,,,,1,4,,,,4,1,2,0,0,1,1,1,1,1,2,2
840033,2,1,,1,1,12,0,1,9,21,0,0,2,2,,,,,,,1,,,,,,1,5,,,,,,2,0,0,1,0,0,1,0,,3
840034,2,1,0,1,1,12,1,1,13,10,0,0,5,3,,,,,,,1,,,,,,1,5,,,,,,3,0,0,1,0,0,1,0,2,1
840036,2,1,0,1,1,12,0,1,8,21,0,0,5,0,,,,,,,1,,,,,,1,5,,,,,,3,0,0,0,0,0,1,0,0,2
840037,2,1,0,1,1,12,1,1,9,10,0,0,6,5,,,,,,,1,,,,,,1,5,,,,,,3,0,0,1,0,0,1,0,2,3
840039,2,1,0,1,1,12,1,1,9,10,0,0,7,3,,,,,,,1,,,,,,1,5,,,,,,0,0,0,1,0,0,1,0,2,2
840042,2,1,0,1,1,0,0,1,11,18,11,28,8,1,,,,,,,2,,,,,,1,1,0,0,1,,,2,0,0,1,0,0,5,0,,2
840070,7,1,,1,1,5,1,1,12,18,12,19,8,1,,,,,,,1,,,,,,1,5,,,,,,0,0,0,1,0,0,1,0,,5
840161,2,1,0,1,1,6,1,1,10,19,11,30,5,1,0,0,2,5,1,,1,,,,1,1,3,,,,,,,,,,,,,,,,
840244,2,1,,1,1,12,1,1,10,18,10,19,12,3,,,,,,,1,,,,,,3,,,,,,,,,,,,,,,,
840253,0,0,,0,0,0,0,0,0,0,0,0,0,0,,,,,,,0,,,,,,0,,,,,,,,,,,,,,,,
840269,2,1,0,1,1,10,1,1,12,18,13,31,5,1,,,,,,,2,,,,,,1,4,,,,6,1,2,0,0,1,0,0,4,1,,3
840309,2,1,,1,1,9,1,1,10,18,10,30,11,1,,,,,,,1,,,,,,4,,,,,,,,,,,,,,,,
840313,2,1,0,1,1,10,1,1,12,17,0,0,3,1,,,,,,,3,,,,,,4,,,,,,,,,,,,,,,,
840328,2,1,,1,1,1,1,1,13,19,13,20,7,1,,,,,,,2,,,,,,4,,,,,,,,,,,,,,,,
840349,4,1,,1,1,5,1,1,8,19,0,0,0,3,,,,,,,3,,,,,,3,,,,,,,,,,,,,,,,
840370,2,1,0,1,1,9,1,1,11,19,11,28,6,1,,,,,,,1,,,,,,1,1,1,1,1,,,2,0,0,1,0,0,5,1,,5
840371,2,1,0,1,1,9,1,1,11,18,11,30,7,1,,,,,,,1,,,,,,1,5,,,,,,3,0,0,1,1,1,5,1,,6
840419,2,1,,1,1,1,1,1,11,19,11,20,4,1,,,,,,,1,,,,,,1,1,1,1,1,,,2,0,0,0,0,0,1,0,1,1
840425,2,1,0,1,1,9,1,1,11,18,12,25,7,1,,,,,,,1,,,,,,1,5,,,,,,3,0,0,1,1,0,5,0,,4
840490,2,1,,1,1,6,1,1,12,15,12,19,5,1,,,,,,,1,,,,,,3,,,,,,,,,,,,,,,,
840492,3,1,,1,1,7,1,0,13,15,13,20,5,0,,,,,,,0,,,,,,3,,,,,,,,,,,,,,,,
840507,0,0,,0,0,0,0,0,0,0,0,0,0,0,,,,,,,0,,,,,,0,,,,,,,,,,,,,,,,
840514,4,1,,1,1,8,1,1,12,18,12,20,11,1,1,1,1,1,2,,1,,,,1,1,1,3,,,,3,1,1,0,0,1,1,0,3,0,,2
840521,1,1,,1,1,3,1,1,14,18,14,23,10,1,,,,,,,0,,,,,,1,0,,,,,,0,0,0,3,1,1,1,1,1,3
840529,2,1,,1,1,9,1,1,13,15,13,19,17,2,,,,,,,1,,,,,,2,,,,,,,,0,0,1,0,0,3,0,,2
840601,2,1,,0,0,9,1,1,13,18,13,30,8,1,,,,,,,1,,,,,,3,,,,,,,,,,,,,,,,
840693,2,1,,0,0,0,0,0,0,0,0,0,0,2,,,,,,,1,,,,,,3,,,,,,,,,,,,,,,,
840914,2,1,0,1,1,12,1,1,12,10,12,19,18,3,,,,,,,1,,,,,,3,,,,,,,,,,,,,,,,
840916,2,1,0,1,1,12,1,1,12,15,12,19,6,3,,,,,,,2,,,,,,3,,,,,,,,,,,,,,,,
840917,2,1,0,1,1,1,1,1,10,10,10,0,0,5,,,,,,,2,,,,,,4,,,,,,,,,,,,,,,,
840918,12,1,0,1,1,5,1,1,9,19,9,19,5,0,,,,,,,0,,,,,,3,,,,,,,,,,,,,,,,
840919,2,1,0,1,1,12,1,1,11,10,11,19,7,0,,,,,,,0,,,,,,0,,,,,,,,,,,,,,,,
840924,5,0,0,1,1,12,1,0,10,0,0,0,7,2,,,,,,,2,,,,,,2,,,,,,,,0,0,0,0,0,0,0,,0
840925,2,0,0,1,1,12,1,1,10,19,10,19,13,2,,,,,,,1,,,,,,3,,,,,,,,,,,,,,,,
840926,2,1,0,1,1,0,0,1,12,10,12,19,15,0,,,,,,,0,,,,,,0,,,,,,,,,,,,,,,,
840927,7,1,0,1,1,12,1,1,12,19,12,20,13,3,,,,,,,3,,,,,,3,,,,,,,,,,,,,,,,
840930,2,1,0,1,1,12,1,0,12,19,0,0,7,1,,,,,,,1,,,,,,3,,,,,,,,,,,,,,,,
840931,2,1,0,1,1,12,1,1,11,19,11,30,5,1,,,,,,,1,,,,,,3,,,,,,,,,,,,,,,,
840935,2,1,0,1,1,12,1,1,11,18,0,0,16,1,,,,,,,3,,,,,,4,,,,,,,,,,,,,,,,
840936,2,1,0,1,1,1,1,1,11,19,11,40,14,2,,,,,,,1,,,,,,3,,,,,,,,,,,,,,,,
840937,2,1,0,1,1,12,1,1,10,19,10,21,15,5,,,,,,,1,,,,,,3,,,,,,,,,,,,,,,,
840938,2,1,0,1,1,0,0,1,11,19,0,0,14,1,,,,,,,3,,,,,,3,,,,,,,,,,,,,,,,
840941,2,1,0,1,1,12,1,1,10,10,10,19,14,2,,,,,,,1,,,,,,2,,,,,,,,0,0,1,0,0,1,0,,2
840943,2,1,0,1,1,12,1,1,9,10,9,19,5,3,,,,,,,3,,,,,,3,,,,,,,,,,,,,,,,
840944,12,0,0,0,0,0,0,1,9,10,10,20,6,5,,,,,,,3,,,,,,3,,,,,,,,,,,,,,,,
841003,7,0,,1,1,0,0,1,9,214,12,0,6,5,,,,,,,4,,,,,,4,,,,,,,,,,,,,,,,
841098,2,1,0,1,1,12,0,1,6,217,6,0,7,3,,,,,,,1,,,,,,3,,,,,,,,,,,,,,,,
841153,11,1,0,1,1,12,0,1,5,17,5,0,2,3,,,,,,,1,,,,,,3,,,,,,,,,,,,,,,,
841154,2,1,0,1,1,12,1,1,13,219,0,0,3,3,,,,,,,2,,,,,,3,,,,,,,,,,,,,,,,
841155,8,1,0,1,1,12,1,1,8,217,0,0,11,1,,,,,,,1,,,,,,3,,,,,,,,,,,,,,,,
841269,2,1,0,1,1,12,0,1,11,21,0,0,7,3,,,,,,,1,,,,,,1,5,,,,,,3,0,0,0,0,0,1,0,2,3
841326,2,1,0,1,1,12,1,1,9,16,9,30,4,5,,,,,,,1,,,,,,1,4,,,,4,1,2,0,0,1,1,1,1,1,2,3
841416,2,1,,1,1,12,1,1,10,16,10,30,7,2,,,,,,,1,,,,,,1,4,,,,5,1,2,0,0,1,1,1,1,1,,3
